"Name","Count","Error"
"Cnpezrdzucd","316","{""errors"":[""Checksum is wrong"",""Must be at least one letter 'а'""]}"
"Gavftma","638","{""errors"":[""Checksum is wrong""]}"
"Svculcjdxsl","814","{""errors"":[""Checksum is wrong"",""Must be at least one letter 'а'""]}"
"Udefrp","509","{""errors"":[""Must be at least one letter 'а'"",""Name length must be longer then 6 symbols"",""Checksum is wrong""]}"
"Lpraekkcfdi","292","{""errors"":[""Checksum is wrong""]}"
"Wypvwbjqfip","893","{""errors"":[""Must be at least one letter 'а'""]}"
"Csetnw","410","{""errors"":[""Checksum is wrong"",""Name length must be longer then 6 symbols"",""Must be at least one letter 'а'""]}"
"Lmzvxfvo","359","{""errors"":[""Must be at least one letter 'а'"",""Checksum is wrong""]}"
"Hiqvwqu","626","{""errors"":[""Must be at least one letter 'а'""]}"
"Avmzkefonk","789","{""errors"":[""Checksum is wrong"",""Must be at least one letter 'а'""]}"
"Fwglycsnuy","906","{""errors"":[""Checksum is wrong"",""Must be at least one letter 'а'""]}"
"Piushtvxysms","808","{""errors"":[""Must be at least one letter 'а'"",""Checksum is wrong""]}"
"Acnlvw","988","{""errors"":[""Must be at least one letter 'а'"",""Name length must be longer then 6 symbols""]}"
"Wfindkay","968","{""errors"":[""Checksum is wrong""]}"
"Hkldrd","982","{""errors"":[""Name length must be longer then 6 symbols"",""Checksum is wrong"",""Must be at least one letter 'а'""]}"
"Baccmuqe","543","{""errors"":[""Checksum is wrong""]}"
"Fpumbnow","287","{""errors"":[""Must be at least one letter 'а'"",""Checksum is wrong""]}"
"Isvgilskm","809","{""errors"":[""Must be at least one letter 'а'"",""Checksum is wrong""]}"
"Urjjzkgfjm","334","{""errors"":[""Must be at least one letter 'а'"",""Checksum is wrong""]}"
"Wusoxpy","363","{""errors"":[""Must be at least one letter 'а'"",""Checksum is wrong""]}"
"Dpdtcxvebj","915","{""errors"":[""Must be at least one letter 'а'"",""Checksum is wrong""]}"
"Afhuugef","377","{""errors"":[""Must be at least one letter 'а'"",""Checksum is wrong""]}"
"Nmbldc","509","{""errors"":[""Must be at least one letter 'а'"",""Name length must be longer then 6 symbols"",""Checksum is wrong""]}"
"Hwyxtgkxmyw","943","{""errors"":[""Must be at least one letter 'а'"",""Checksum is wrong""]}"
"Soxizapzmiwn","832","{""errors"":[""Checksum is wrong""]}"
"Brbwyei","234","{""errors"":[""Checksum is wrong"",""Must be at least one letter 'а'""]}"
"Cofgwarf","623","{""errors"":[""Checksum is wrong""]}"
"Ankyervjfhto","619","{""errors"":[""Must be at least one letter 'а'"",""Checksum is wrong""]}"
"Ofgolrsczhos","274","{""errors"":[""Must be at least one letter 'а'"",""Checksum is wrong""]}"
"Kkgitks","812","{""errors"":[""Checksum is wrong"",""Must be at least one letter 'а'""]}"
"Gsohvdjj","611","{""errors"":[""Checksum is wrong"",""Must be at least one letter 'а'""]}"
"Jpgyplkzicw","917","{""errors"":[""Checksum is wrong"",""Must be at least one letter 'а'""]}"
"Pxxvak","378","{""errors"":[""Name length must be longer then 6 symbols"",""Checksum is wrong""]}"
"Oxcgwoh","750","{""errors"":[""Must be at least one letter 'а'"",""Checksum is wrong""]}"
"Taiusm","680","{""errors"":[""Checksum is wrong"",""Name length must be longer then 6 symbols""]}"
"Bfcibfcfduk","586","{""errors"":[""Must be at least one letter 'а'"",""Checksum is wrong""]}"
"Aunneizotjiw","312","{""errors"":[""Checksum is wrong"",""Must be at least one letter 'а'""]}"
"Nfmkmhxkemra","445","{""errors"":[""Checksum is wrong""]}"
"Frejlz","141","{""errors"":[""Checksum is wrong"",""Must be at least one letter 'а'"",""Name length must be longer then 6 symbols""]}"
"Epedfupvo","516","{""errors"":[""Checksum is wrong"",""Must be at least one letter 'а'""]}"
"Egvxoswqk","904","{""errors"":[""Must be at least one letter 'а'"",""Checksum is wrong""]}"
"Kiqntg","81","{""errors"":[""Name length must be longer then 6 symbols"",""Must be at least one letter 'а'"",""Checksum is wrong""]}"
"Ioftfbflx","427","{""errors"":[""Must be at least one letter 'а'"",""Checksum is wrong""]}"
"Ygsiubwo","563","{""errors"":[""Must be at least one letter 'а'"",""Checksum is wrong""]}"
"Yegyniwivuy","559","{""errors"":[""Must be at least one letter 'а'"",""Checksum is wrong""]}"
"Dljkpinccb","196","{""errors"":[""Must be at least one letter 'а'"",""Checksum is wrong""]}"
"Thjcwo","331","{""errors"":[""Must be at least one letter 'а'"",""Checksum is wrong"",""Name length must be longer then 6 symbols""]}"
"Njhotarj","759","{""errors"":[""Checksum is wrong""]}"
"Nyqdosyivh","914","{""errors"":[""Must be at least one letter 'а'"",""Checksum is wrong""]}"
"Axeyxet","700","{""errors"":[""Checksum is wrong"",""Must be at least one letter 'а'""]}"
"Dxujgsoeh","190","{""errors"":[""Checksum is wrong"",""Must be at least one letter 'а'""]}"
"Ptnemaqskecm","89","{""errors"":[""Checksum is wrong""]}"
"Mcdybilbj","841","{""errors"":[""Must be at least one letter 'а'""]}"
"Qjjjqkgrsjw","284","{""errors"":[""Checksum is wrong"",""Must be at least one letter 'а'""]}"
"Ovyxwfvoiww","770","{""errors"":[""Checksum is wrong"",""Must be at least one letter 'а'""]}"
"Cjibqyw","173","{""errors"":[""Must be at least one letter 'а'""]}"
"Qfjchz","388","{""errors"":[""Checksum is wrong"",""Name length must be longer then 6 symbols"",""Must be at least one letter 'а'""]}"
"Ggtgplygvwwc","903","{""errors"":[""Checksum is wrong"",""Must be at least one letter 'а'""]}"
"Kqmeicdspwen","377","{""errors"":[""Checksum is wrong"",""Must be at least one letter 'а'""]}"
"Oivhahry","509","{""errors"":[""Checksum is wrong""]}"
"Guteqiouyofr","669","{""errors"":[""Checksum is wrong"",""Must be at least one letter 'а'""]}"
"Utckkly","116","{""errors"":[""Must be at least one letter 'а'"",""Checksum is wrong""]}"
"Xhhflgnvaizf","920","{""errors"":[""Checksum is wrong""]}"
"Ascwppuvqqj","953","{""errors"":[""Checksum is wrong"",""Must be at least one letter 'а'""]}"
"Ghpckejpsamk","929","{""errors"":[""Checksum is wrong""]}"
"Tiyxacbmm","286","{""errors"":[""Checksum is wrong""]}"
"Kqdecdxlhug","131","{""errors"":[""Checksum is wrong"",""Must be at least one letter 'а'""]}"
"Ouvkhgfoanf","563","{""errors"":[""Checksum is wrong""]}"
"Ztmjlsqorbvh","582","{""errors"":[""Must be at least one letter 'а'"",""Checksum is wrong""]}"
"Grcekd","846","{""errors"":[""Checksum is wrong"",""Name length must be longer then 6 symbols"",""Must be at least one letter 'а'""]}"
"Bedqbzziakvm","740","{""errors"":[""Checksum is wrong""]}"
"Kmpquxrtg","982","{""errors"":[""Must be at least one letter 'а'"",""Checksum is wrong""]}"
"Qlxuhdty","613","{""errors"":[""Checksum is wrong"",""Must be at least one letter 'а'""]}"
"Epgpfbipepw","76","{""errors"":[""Must be at least one letter 'а'"",""Checksum is wrong""]}"
"Nrzwvso","927","{""errors"":[""Must be at least one letter 'а'""]}"
"Inpkpi","411","{""errors"":[""Name length must be longer then 6 symbols"",""Checksum is wrong"",""Must be at least one letter 'а'""]}"
"Aokgnxwkignq","109","{""errors"":[""Checksum is wrong"",""Must be at least one letter 'а'""]}"
"Qgdmicttgi","230","{""errors"":[""Must be at least one letter 'а'"",""Checksum is wrong""]}"
"Jyoasnoizzbl","752","{""errors"":[""Checksum is wrong""]}"
"Ptlwnohtefqx","626","{""errors"":[""Must be at least one letter 'а'""]}"
"Wtpgmg","501","{""errors"":[""Name length must be longer then 6 symbols"",""Must be at least one letter 'а'"",""Checksum is wrong""]}"
"Gmiwdn","287","{""errors"":[""Name length must be longer then 6 symbols"",""Must be at least one letter 'а'"",""Checksum is wrong""]}"
"Vxlywhxo","62","{""errors"":[""Checksum is wrong"",""Must be at least one letter 'а'""]}"
"Wjomoyielj","919","{""errors"":[""Must be at least one letter 'а'"",""Checksum is wrong""]}"
"Vqzrpndegydp","573","{""errors"":[""Must be at least one letter 'а'""]}"
"Vgdfvpnerh","891","{""errors"":[""Must be at least one letter 'а'"",""Checksum is wrong""]}"
"Tpydmmmlqz","922","{""errors"":[""Must be at least one letter 'а'"",""Checksum is wrong""]}"
"Pddtdn","358","{""errors"":[""Name length must be longer then 6 symbols"",""Must be at least one letter 'а'""]}"
"Vswdlokhki","81","{""errors"":[""Must be at least one letter 'а'"",""Checksum is wrong""]}"
"Enhbyoui","178","{""errors"":[""Checksum is wrong"",""Must be at least one letter 'а'""]}"
"Epntotsqv","493","{""errors"":[""Checksum is wrong"",""Must be at least one letter 'а'""]}"
"Slnombziv","891","{""errors"":[""Checksum is wrong"",""Must be at least one letter 'а'""]}"
"Loqmopqe","370","{""errors"":[""Must be at least one letter 'а'"",""Checksum is wrong""]}"
"Arhuqszf","324","{""errors"":[""Must be at least one letter 'а'""]}"
"Jnsgdakluy","990","{""errors"":[""Checksum is wrong""]}"
"Kozurq","167","{""errors"":[""Name length must be longer then 6 symbols"",""Must be at least one letter 'а'"",""Checksum is wrong""]}"
"Pndworkc","87","{""errors"":[""Must be at least one letter 'а'""]}"
"Xoilmdqtnq","87","{""errors"":[""Checksum is wrong"",""Must be at least one letter 'а'""]}"
"Vuoigewwhmp","907","{""errors"":[""Must be at least one letter 'а'"",""Checksum is wrong""]}"
"Ringineomb","73","{""errors"":[""Must be at least one letter 'а'"",""Checksum is wrong""]}"
"Ygrgoyzpwh","917","{""errors"":[""Checksum is wrong"",""Must be at least one letter 'а'""]}"
"Phfayxa","642","{""errors"":[""Checksum is wrong""]}"
"Squrqmznb","135","{""errors"":[""Checksum is wrong"",""Must be at least one letter 'а'""]}"
"Hnocmymh","689","{""errors"":[""Checksum is wrong"",""Must be at least one letter 'а'""]}"
"Ebtcmhihw","890","{""errors"":[""Checksum is wrong"",""Must be at least one letter 'а'""]}"
"Vxgkcpjbdjfg","346","{""errors"":[""Must be at least one letter 'а'"",""Checksum is wrong""]}"
"Gvxbbemnlcx","990","{""errors"":[""Must be at least one letter 'а'"",""Checksum is wrong""]}"
"Pnorpsycwy","435","{""errors"":[""Checksum is wrong"",""Must be at least one letter 'а'""]}"
"Ndixjxfafmn","6","{""errors"":[""Checksum is wrong"",""Must be more than 9""]}"
"Oxcpflctbe","708","{""errors"":[""Must be at least one letter 'а'"",""Checksum is wrong""]}"
"Rkusgcxnrf","523","{""errors"":[""Checksum is wrong"",""Must be at least one letter 'а'""]}"
"Gztbsbpz","191","{""errors"":[""Must be at least one letter 'а'""]}"
"Xxdsoewm","98","{""errors"":[""Checksum is wrong"",""Must be at least one letter 'а'""]}"
"Ikmvxykqy","457","{""errors"":[""Must be at least one letter 'а'"",""Checksum is wrong""]}"
"Vaezeo","614","{""errors"":[""Name length must be longer then 6 symbols""]}"
"Fdybcyewn","204","{""errors"":[""Checksum is wrong"",""Must be at least one letter 'а'""]}"
"Evggxpf","43","{""errors"":[""Must be at least one letter 'а'"",""Checksum is wrong""]}"
"Gbklnnrx","627","{""errors"":[""Checksum is wrong"",""Must be at least one letter 'а'""]}"
"Erlaegqcae","302","{""errors"":[""Checksum is wrong""]}"
"Joucbmcbzfi","521","{""errors"":[""Must be at least one letter 'а'"",""Checksum is wrong""]}"
"Paxlia","430","{""errors"":[""Name length must be longer then 6 symbols"",""Checksum is wrong""]}"
"Lasbsfdd","13","{""errors"":[""Checksum is wrong""]}"
"Vdwhhtbt","525","{""errors"":[""Must be at least one letter 'а'"",""Checksum is wrong""]}"
"Uhkpajfdaaw","136","{""errors"":[""Checksum is wrong""]}"
"Wkesqfwb","186","{""errors"":[""Checksum is wrong"",""Must be at least one letter 'а'""]}"
"Bbsmtzdvlmbx","749","{""errors"":[""Must be at least one letter 'а'"",""Checksum is wrong""]}"
"Dzqjqgoqolmp","76","{""errors"":[""Must be at least one letter 'а'"",""Checksum is wrong""]}"
"Avqtracc","798","{""errors"":[""Checksum is wrong""]}"
"Vtwnhn","100","{""errors"":[""Name length must be longer then 6 symbols"",""Must be at least one letter 'а'"",""Checksum is wrong""]}"
"Rxcija","242","{""errors"":[""Checksum is wrong"",""Name length must be longer then 6 symbols""]}"
"Vgsqlte","996","{""errors"":[""Must be at least one letter 'а'""]}"
"Lcqqvxcveey","20","{""errors"":[""Checksum is wrong"",""Must be at least one letter 'а'""]}"
"Ierwmoavlya","726","{""errors"":[""Checksum is wrong""]}"
"Acemgd","695","{""errors"":[""Checksum is wrong"",""Must be at least one letter 'а'"",""Name length must be longer then 6 symbols""]}"
"Ypiiuyepanm","789","{""errors"":[""Checksum is wrong""]}"
"Qkakpgcy","68","{""errors"":[""Checksum is wrong""]}"
"Hutmqiacvutq","179","{""errors"":[""Checksum is wrong""]}"
"Keeqmf","412","{""errors"":[""Must be at least one letter 'а'"",""Name length must be longer then 6 symbols"",""Checksum is wrong""]}"
"Lzcdzjvr","186","{""errors"":[""Checksum is wrong"",""Must be at least one letter 'а'""]}"
"Llagslmgys","79","{""errors"":[""Checksum is wrong""]}"
"Ygpvgbvtml","201","{""errors"":[""Must be at least one letter 'а'"",""Checksum is wrong""]}"
"Bhyxcnwuul","221","{""errors"":[""Checksum is wrong"",""Must be at least one letter 'а'""]}"
"Brgyynpr","477","{""errors"":[""Checksum is wrong"",""Must be at least one letter 'а'""]}"
"Qbyqrbcs","554","{""errors"":[""Must be at least one letter 'а'"",""Checksum is wrong""]}"
"Kepiqklu","564","{""errors"":[""Must be at least one letter 'а'""]}"
"Ahwsfwdeqt","593","{""errors"":[""Must be at least one letter 'а'"",""Checksum is wrong""]}"
"Zawozouuerg","596","{""errors"":[""Checksum is wrong""]}"
"Urdtrxwgq","397","{""errors"":[""Must be at least one letter 'а'""]}"
"Xkphihvnt","721","{""errors"":[""Must be at least one letter 'а'""]}"
"Oqitaantuvn","856","{""errors"":[""Checksum is wrong""]}"
"Digdsdnn","396","{""errors"":[""Must be at least one letter 'а'""]}"
"Ghhawnaol","821","{""errors"":[""Checksum is wrong""]}"
"Ngjdwpa","938","{""errors"":[""Checksum is wrong""]}"
"Sonkyetjbj","311","{""errors"":[""Checksum is wrong"",""Must be at least one letter 'а'""]}"
"Bthcvurnde","131","{""errors"":[""Must be at least one letter 'а'"",""Checksum is wrong""]}"
"Hiifppd","875","{""errors"":[""Must be at least one letter 'а'"",""Checksum is wrong""]}"
"Nuoahdox","765","{""errors"":[""Checksum is wrong""]}"
"Tmeqmtvpgb","831","{""errors"":[""Must be at least one letter 'а'"",""Checksum is wrong""]}"
"Dzmyynntssbc","366","{""errors"":[""Checksum is wrong"",""Must be at least one letter 'а'""]}"
"Kmyoqa","777","{""errors"":[""Checksum is wrong"",""Name length must be longer then 6 symbols""]}"
"Ucljhiwepod","878","{""errors"":[""Checksum is wrong"",""Must be at least one letter 'а'""]}"
"Eemflfnbasby","436","{""errors"":[""Checksum is wrong""]}"
"Yjitwtjsfjh","668","{""errors"":[""Checksum is wrong"",""Must be at least one letter 'а'""]}"
"Jmedwrsm","129","{""errors"":[""Must be at least one letter 'а'"",""Checksum is wrong""]}"
"Woawrafemdzf","480","{""errors"":[""Checksum is wrong""]}"
"Fjhnhoqbtw","466","{""errors"":[""Checksum is wrong"",""Must be at least one letter 'а'""]}"
"Gtkmeqzlkg","993","{""errors"":[""Must be at least one letter 'а'"",""Checksum is wrong""]}"
"Pfjwgqhzmoqj","542","{""errors"":[""Must be at least one letter 'а'"",""Checksum is wrong""]}"
"Huvaaenpfe","107","{""errors"":[""Checksum is wrong""]}"
"Yxaubhkazdsz","61","{""errors"":[""Checksum is wrong""]}"
"Mkiaurdgyrl","933","{""errors"":[""Checksum is wrong""]}"
"Ncutxklmgw","530","{""errors"":[""Must be at least one letter 'а'""]}"
"Tyqsslkp","843","{""errors"":[""Checksum is wrong"",""Must be at least one letter 'а'""]}"
"Hloiiobbthw","459","{""errors"":[""Must be at least one letter 'а'"",""Checksum is wrong""]}"
"Mmmfzy","37","{""errors"":[""Must be at least one letter 'а'"",""Name length must be longer then 6 symbols"",""Checksum is wrong""]}"
"Xesgqrs","208","{""errors"":[""Must be at least one letter 'а'""]}"
"Rzdczdhw","984","{""errors"":[""Must be at least one letter 'а'"",""Checksum is wrong""]}"
"Buufvbno","757","{""errors"":[""Must be at least one letter 'а'"",""Checksum is wrong""]}"
"Jvhwysoq","344","{""errors"":[""Must be at least one letter 'а'"",""Checksum is wrong""]}"
"Cuquagw","58","{""errors"":[""Checksum is wrong""]}"
"Ysuqexnf","937","{""errors"":[""Must be at least one letter 'а'"",""Checksum is wrong""]}"
"Mmgofmrt","537","{""errors"":[""Checksum is wrong"",""Must be at least one letter 'а'""]}"
"Kwdvssd","590","{""errors"":[""Must be at least one letter 'а'""]}"
"Qfnkqizr","649","{""errors"":[""Checksum is wrong"",""Must be at least one letter 'а'""]}"
"Zypmmywjjhh","673","{""errors"":[""Must be at least one letter 'а'"",""Checksum is wrong""]}"
"Yebvvll","659","{""errors"":[""Must be at least one letter 'а'""]}"
"Cqzkrix","257","{""errors"":[""Must be at least one letter 'а'""]}"
"Hgqsrjrtaadp","273","{""errors"":[""Checksum is wrong""]}"
"Mbwjht","546","{""errors"":[""Must be at least one letter 'а'"",""Name length must be longer then 6 symbols"",""Checksum is wrong""]}"
"Ustwbxozf","711","{""errors"":[""Must be at least one letter 'а'"",""Checksum is wrong""]}"
"Eqcdwwyxmz","229","{""errors"":[""Must be at least one letter 'а'"",""Checksum is wrong""]}"
"Mffyokgpwy","983","{""errors"":[""Must be at least one letter 'а'"",""Checksum is wrong""]}"
"Ehdqnpnsrfzh","923","{""errors"":[""Must be at least one letter 'а'"",""Checksum is wrong""]}"
"Hlmvpa","88","{""errors"":[""Name length must be longer then 6 symbols""]}"
"Ccyexyg","381","{""errors"":[""Checksum is wrong"",""Must be at least one letter 'а'""]}"
"Bjyevh","754","{""errors"":[""Name length must be longer then 6 symbols"",""Checksum is wrong"",""Must be at least one letter 'а'""]}"
"Uthhukuxxb","910","{""errors"":[""Must be at least one letter 'а'"",""Checksum is wrong""]}"
"Jodlcv","413","{""errors"":[""Checksum is wrong"",""Must be at least one letter 'а'"",""Name length must be longer then 6 symbols""]}"
"Nkpbzdinyz","297","{""errors"":[""Must be at least one letter 'а'"",""Checksum is wrong""]}"
"Kqxwrb","616","{""errors"":[""Name length must be longer then 6 symbols"",""Checksum is wrong"",""Must be at least one letter 'а'""]}"
"Avhmbnrzap","377","{""errors"":[""Checksum is wrong""]}"
"Guntzgiswtlh","232","{""errors"":[""Checksum is wrong"",""Must be at least one letter 'а'""]}"
"Kjqqbkbpzm","711","{""errors"":[""Checksum is wrong"",""Must be at least one letter 'а'""]}"
"Bfgnmrjatopl","171","{""errors"":[""Checksum is wrong""]}"
"Vmzignft","511","{""errors"":[""Checksum is wrong"",""Must be at least one letter 'а'""]}"
"Frwrhwzkck","307","{""errors"":[""Checksum is wrong"",""Must be at least one letter 'а'""]}"
"Okzuhshrzf","925","{""errors"":[""Checksum is wrong"",""Must be at least one letter 'а'""]}"
"Usvifsdnhdya","958","{""errors"":[""Checksum is wrong""]}"
"Czszvdaf","669","{""errors"":[""Checksum is wrong""]}"
"Odgiontu","267","{""errors"":[""Must be at least one letter 'а'"",""Checksum is wrong""]}"
"Qgsqbt","736","{""errors"":[""Checksum is wrong"",""Name length must be longer then 6 symbols"",""Must be at least one letter 'а'""]}"
"Imtxmlztrdq","423","{""errors"":[""Checksum is wrong"",""Must be at least one letter 'а'""]}"
"Fgbuclxiyqvj","282","{""errors"":[""Checksum is wrong"",""Must be at least one letter 'а'""]}"
"Dcaztg","58","{""errors"":[""Name length must be longer then 6 symbols""]}"
"Mnxdzhvajg","241","{""errors"":[""Checksum is wrong""]}"
"Cqtdvmj","777","{""errors"":[""Checksum is wrong"",""Must be at least one letter 'а'""]}"
"Wgxbctytetbd","485","{""errors"":[""Must be at least one letter 'а'"",""Checksum is wrong""]}"
"Pvvljl","366","{""errors"":[""Name length must be longer then 6 symbols"",""Must be at least one letter 'а'"",""Checksum is wrong""]}"
"Rhzdjpif","569","{""errors"":[""Checksum is wrong"",""Must be at least one letter 'а'""]}"
"Qchpdqdjrtl","512","{""errors"":[""Must be at least one letter 'а'"",""Checksum is wrong""]}"
"Qxoqotesxkz","440","{""errors"":[""Checksum is wrong"",""Must be at least one letter 'а'""]}"
"Fbuxtztrgqys","225","{""errors"":[""Must be at least one letter 'а'""]}"
"Efcdzu","795","{""errors"":[""Name length must be longer then 6 symbols"",""Must be at least one letter 'а'""]}"
"Zjnpkuhc","373","{""errors"":[""Checksum is wrong"",""Must be at least one letter 'а'""]}"
"Hhfknwe","227","{""errors"":[""Must be at least one letter 'а'"",""Checksum is wrong""]}"
"Nenikplv","941","{""errors"":[""Must be at least one letter 'а'"",""Checksum is wrong""]}"
"Oyilta","900","{""errors"":[""Name length must be longer then 6 symbols"",""Checksum is wrong""]}"
"Osdynr","20","{""errors"":[""Name length must be longer then 6 symbols"",""Must be at least one letter 'а'"",""Checksum is wrong""]}"
"Hnusvktgprqp","926","{""errors"":[""Checksum is wrong"",""Must be at least one letter 'а'""]}"
"Oxlnygdgzyfc","763","{""errors"":[""Checksum is wrong"",""Must be at least one letter 'а'""]}"
"Npdrgehwg","583","{""errors"":[""Must be at least one letter 'а'"",""Checksum is wrong""]}"
"Cfgnahvwtpma","522","{""errors"":[""Checksum is wrong""]}"
"Mginqzphcmjx","787","{""errors"":[""Checksum is wrong"",""Must be at least one letter 'а'""]}"
"Lkvxfzx","862","{""errors"":[""Must be at least one letter 'а'""]}"
"Wabiyfzcohy","510","{""errors"":[""Checksum is wrong""]}"
"Luwdlbim","110","{""errors"":[""Must be at least one letter 'а'"",""Checksum is wrong""]}"
"Olpofxra","357","{""errors"":[""Checksum is wrong""]}"
"Ifqczl","732","{""errors"":[""Name length must be longer then 6 symbols"",""Must be at least one letter 'а'"",""Checksum is wrong""]}"
"Vcncbopwj","258","{""errors"":[""Must be at least one letter 'а'"",""Checksum is wrong""]}"
"Sitnapnsliaz","141","{""errors"":[""Checksum is wrong""]}"
"Pmwbzi","214","{""errors"":[""Name length must be longer then 6 symbols"",""Must be at least one letter 'а'"",""Checksum is wrong""]}"
"Pduzzbeifcqb","939","{""errors"":[""Checksum is wrong"",""Must be at least one letter 'а'""]}"
"Jnyaichzul","709","{""errors"":[""Checksum is wrong""]}"
"Iqcnxeei","260","{""errors"":[""Checksum is wrong"",""Must be at least one letter 'а'""]}"
"Atqedctb","248","{""errors"":[""Checksum is wrong"",""Must be at least one letter 'а'""]}"
"Aaoxuag","483","{""errors"":[""Checksum is wrong""]}"
"Wdmohzw","221","{""errors"":[""Checksum is wrong"",""Must be at least one letter 'а'""]}"
"Vgjpwcig","404","{""errors"":[""Checksum is wrong"",""Must be at least one letter 'а'""]}"
"Aucenykx","396","{""errors"":[""Checksum is wrong"",""Must be at least one letter 'а'""]}"
"Mtyvnieq","344","{""errors"":[""Must be at least one letter 'а'"",""Checksum is wrong""]}"
"Ntqrkshmtao","709","{""errors"":[""Checksum is wrong""]}"
"Bwfuivjv","704","{""errors"":[""Checksum is wrong"",""Must be at least one letter 'а'""]}"
"Hyiztx","663","{""errors"":[""Name length must be longer then 6 symbols"",""Must be at least one letter 'а'"",""Checksum is wrong""]}"
"Ppbcsvauayv","955","{""errors"":[""Checksum is wrong""]}"
"Neymdg","671","{""errors"":[""Must be at least one letter 'а'"",""Checksum is wrong"",""Name length must be longer then 6 symbols""]}"
"Segorjyau","546","{""errors"":[""Checksum is wrong""]}"
"Jiyttdwd","334","{""errors"":[""Must be at least one letter 'а'""]}"
"Jkzmvl","315","{""errors"":[""Name length must be longer then 6 symbols"",""Must be at least one letter 'а'"",""Checksum is wrong""]}"
"Hhplktvvqkt","517","{""errors"":[""Checksum is wrong"",""Must be at least one letter 'а'""]}"
"Ptnehodvxr","811","{""errors"":[""Must be at least one letter 'а'"",""Checksum is wrong""]}"
"Weglhuo","866","{""errors"":[""Checksum is wrong"",""Must be at least one letter 'а'""]}"
"Mfvikmlaiy","236","{""errors"":[""Checksum is wrong""]}"
"Jfjxriom","249","{""errors"":[""Must be at least one letter 'а'"",""Checksum is wrong""]}"
"Sdxyffcwicm","970","{""errors"":[""Must be at least one letter 'а'""]}"
"Cltpydpqbk","300","{""errors"":[""Checksum is wrong"",""Must be at least one letter 'а'""]}"
"Knsomrvt","701","{""errors"":[""Must be at least one letter 'а'"",""Checksum is wrong""]}"
"Nmtsemm","684","{""errors"":[""Must be at least one letter 'а'"",""Checksum is wrong""]}"
"Wuuhimkrnhlg","890","{""errors"":[""Must be at least one letter 'а'"",""Checksum is wrong""]}"
"Snimshqv","508","{""errors"":[""Must be at least one letter 'а'"",""Checksum is wrong""]}"
"Vluouhlwqv","223","{""errors"":[""Checksum is wrong"",""Must be at least one letter 'а'""]}"
"Nduwdlnyp","727","{""errors"":[""Checksum is wrong"",""Must be at least one letter 'а'""]}"
"Lxkhzgafw","337","{""errors"":[""Checksum is wrong""]}"
"Qzasgx","27","{""errors"":[""Checksum is wrong"",""Name length must be longer then 6 symbols""]}"
"Nvsoegpdhp","316","{""errors"":[""Must be at least one letter 'а'"",""Checksum is wrong""]}"
"Zwljykxgrqr","460","{""errors"":[""Must be at least one letter 'а'""]}"
"Wjimzgdcad","424","{""errors"":[""Checksum is wrong""]}"
"Izstfyw","833","{""errors"":[""Checksum is wrong"",""Must be at least one letter 'а'""]}"
"Taqxerrbdtl","752","{""errors"":[""Checksum is wrong""]}"
"Zjydqxnkrj","541","{""errors"":[""Must be at least one letter 'а'""]}"
"Psnnaev","198","{""errors"":[""Checksum is wrong""]}"
"Ydsmeqchuh","946","{""errors"":[""Must be at least one letter 'а'"",""Checksum is wrong""]}"
"Qzssbjpo","749","{""errors"":[""Must be at least one letter 'а'"",""Checksum is wrong""]}"
"Prymzboyafi","716","{""errors"":[""Checksum is wrong""]}"
"Cjqsdizdzzcn","401","{""errors"":[""Checksum is wrong"",""Must be at least one letter 'а'""]}"
"Dvfsqod","792","{""errors"":[""Checksum is wrong"",""Must be at least one letter 'а'""]}"
"Mnphcuj","84","{""errors"":[""Checksum is wrong"",""Must be at least one letter 'а'""]}"
"Ptwkhthtvc","224","{""errors"":[""Checksum is wrong"",""Must be at least one letter 'а'""]}"
"Mghetiinf","98","{""errors"":[""Must be at least one letter 'а'"",""Checksum is wrong""]}"
"Fzuvqekeswbh","983","{""errors"":[""Must be at least one letter 'а'"",""Checksum is wrong""]}"
"Qlzctxixktsl","999","{""errors"":[""Must be at least one letter 'а'"",""Checksum is wrong""]}"
"Byojufocrdx","858","{""errors"":[""Checksum is wrong"",""Must be at least one letter 'а'""]}"
"Liqkfhx","935","{""errors"":[""Must be at least one letter 'а'""]}"
"Weezft","522","{""errors"":[""Name length must be longer then 6 symbols"",""Checksum is wrong"",""Must be at least one letter 'а'""]}"
"Ixjfmjqf","337","{""errors"":[""Checksum is wrong"",""Must be at least one letter 'а'""]}"
"Gyihqcwzb","253","{""errors"":[""Checksum is wrong"",""Must be at least one letter 'а'""]}"
"Tqdvzrn","784","{""errors"":[""Checksum is wrong"",""Must be at least one letter 'а'""]}"
"Zchsbcuajb","392","{""errors"":[""Checksum is wrong""]}"
"Hqlimp","610","{""errors"":[""Must be at least one letter 'а'"",""Checksum is wrong"",""Name length must be longer then 6 symbols""]}"
"Paycywq","151","{""errors"":[""Checksum is wrong""]}"
"Btxcsqugtk","363","{""errors"":[""Checksum is wrong"",""Must be at least one letter 'а'""]}"
"Jhzpzaagj","827","{""errors"":[""Checksum is wrong""]}"
"Daatel","248","{""errors"":[""Checksum is wrong"",""Name length must be longer then 6 symbols""]}"
"Bdfdkpbdq","65","{""errors"":[""Checksum is wrong"",""Must be at least one letter 'а'""]}"
"Nwwpoeak","376","{""errors"":[""Checksum is wrong""]}"
"Wxqrpvzn","867","{""errors"":[""Checksum is wrong"",""Must be at least one letter 'а'""]}"
"Ibfxpgcc","134","{""errors"":[""Must be at least one letter 'а'"",""Checksum is wrong""]}"
"Womjigvw","359","{""errors"":[""Must be at least one letter 'а'"",""Checksum is wrong""]}"
"Ruzhojkpcv","660","{""errors"":[""Must be at least one letter 'а'""]}"
"Rggkpx","660","{""errors"":[""Checksum is wrong"",""Name length must be longer then 6 symbols"",""Must be at least one letter 'а'""]}"
"Ymtnzdflrqb","877","{""errors"":[""Must be at least one letter 'а'"",""Checksum is wrong""]}"
"Qoevmxendn","78","{""errors"":[""Checksum is wrong"",""Must be at least one letter 'а'""]}"
"Rtkecvuongex","927","{""errors"":[""Checksum is wrong"",""Must be at least one letter 'а'""]}"
"Mhztlewbn","668","{""errors"":[""Checksum is wrong"",""Must be at least one letter 'а'""]}"
"Cmsjew","473","{""errors"":[""Name length must be longer then 6 symbols"",""Must be at least one letter 'а'"",""Checksum is wrong""]}"
"Adyxkkqnovlv","298","{""errors"":[""Must be at least one letter 'а'""]}"
"Scsyhmai","49","{""errors"":[""Checksum is wrong""]}"
"Qjlehbyapgvu","705","{""errors"":[""Checksum is wrong""]}"
"Xbthlsiuialk","487","{""errors"":[""Checksum is wrong""]}"
"Yxigzm","648","{""errors"":[""Name length must be longer then 6 symbols"",""Must be at least one letter 'а'"",""Checksum is wrong""]}"
"Gijlehv","332","{""errors"":[""Must be at least one letter 'а'"",""Checksum is wrong""]}"
"Vjpygccan","573","{""errors"":[""Checksum is wrong""]}"
"Fbckofguvaza","708","{""errors"":[""Checksum is wrong""]}"
"Nvgfks","759","{""errors"":[""Name length must be longer then 6 symbols"",""Must be at least one letter 'а'"",""Checksum is wrong""]}"
"Jrbwgnjjr","567","{""errors"":[""Must be at least one letter 'а'"",""Checksum is wrong""]}"
"Teylkh","212","{""errors"":[""Checksum is wrong"",""Must be at least one letter 'а'"",""Name length must be longer then 6 symbols""]}"
"Iqdomtypk","169","{""errors"":[""Must be at least one letter 'а'"",""Checksum is wrong""]}"
"Mvsbgt","289","{""errors"":[""Name length must be longer then 6 symbols"",""Must be at least one letter 'а'"",""Checksum is wrong""]}"
"Wlanyxw","129","{""errors"":[""Checksum is wrong""]}"
"Ulaozze","262","{""errors"":[""Checksum is wrong""]}"
"Vqvnsabpt","688","{""errors"":[""Checksum is wrong""]}"
"Ckctmcr","150","{""errors"":[""Checksum is wrong"",""Must be at least one letter 'а'""]}"
"Hwhwmznsuggm","839","{""errors"":[""Checksum is wrong"",""Must be at least one letter 'а'""]}"
"Mpblqb","692","{""errors"":[""Name length must be longer then 6 symbols"",""Must be at least one letter 'а'"",""Checksum is wrong""]}"
"Hqfaum","132","{""errors"":[""Name length must be longer then 6 symbols"",""Checksum is wrong""]}"
"Qydwkweinguu","409","{""errors"":[""Checksum is wrong"",""Must be at least one letter 'а'""]}"
"Tohboyrbgxc","628","{""errors"":[""Checksum is wrong"",""Must be at least one letter 'а'""]}"
"Svpvvlqdgil","528","{""errors"":[""Must be at least one letter 'а'"",""Checksum is wrong""]}"
"Bxaxqincd","530","{""errors"":[""Checksum is wrong""]}"
"Nuiovh","349","{""errors"":[""Name length must be longer then 6 symbols"",""Must be at least one letter 'а'"",""Checksum is wrong""]}"
"Faqsvw","590","{""errors"":[""Name length must be longer then 6 symbols"",""Checksum is wrong""]}"
"Hddwwufu","396","{""errors"":[""Checksum is wrong"",""Must be at least one letter 'а'""]}"
"Fmiialecsri","153","{""errors"":[""Checksum is wrong""]}"
"Xsgfdvfalrt","943","{""errors"":[""Checksum is wrong""]}"
"Xbxmnlp","800","{""errors"":[""Must be at least one letter 'а'"",""Checksum is wrong""]}"
"Hhtdwlcmj","815","{""errors"":[""Must be at least one letter 'а'"",""Checksum is wrong""]}"
"Tswlkcedv","986","{""errors"":[""Must be at least one letter 'а'"",""Checksum is wrong""]}"
"Wmpsedwohm","793","{""errors"":[""Must be at least one letter 'а'"",""Checksum is wrong""]}"
"Maykrynccwo","351","{""errors"":[""Checksum is wrong""]}"
"Tcwkzismbia","87","{""errors"":[""Checksum is wrong""]}"
"Vrffszojmyo","465","{""errors"":[""Checksum is wrong"",""Must be at least one letter 'а'""]}"
"Xktsig","79","{""errors"":[""Name length must be longer then 6 symbols"",""Must be at least one letter 'а'"",""Checksum is wrong""]}"
"Hlmahodvwpt","1","{""errors"":[""Checksum is wrong"",""Must be more than 9""]}"
"Xrkejrg","130","{""errors"":[""Must be at least one letter 'а'"",""Checksum is wrong""]}"
"Qspmtbho","371","{""errors"":[""Checksum is wrong"",""Must be at least one letter 'а'""]}"
"Czlmht","55","{""errors"":[""Name length must be longer then 6 symbols"",""Checksum is wrong"",""Must be at least one letter 'а'""]}"
"Cmtripczpp","904","{""errors"":[""Must be at least one letter 'а'"",""Checksum is wrong""]}"
"Zrppuwvrc","727","{""errors"":[""Must be at least one letter 'а'"",""Checksum is wrong""]}"
"Ilhbxyar","577","{""errors"":[""Checksum is wrong""]}"
"Imkvwuig","791","{""errors"":[""Must be at least one letter 'а'"",""Checksum is wrong""]}"
"Tmpsdn","920","{""errors"":[""Checksum is wrong"",""Name length must be longer then 6 symbols"",""Must be at least one letter 'а'""]}"
"Vdnskvxo","48","{""errors"":[""Must be at least one letter 'а'"",""Checksum is wrong""]}"
"Ppsbhepgcmrj","868","{""errors"":[""Must be at least one letter 'а'"",""Checksum is wrong""]}"
"Lheavjlvovyk","44","{""errors"":[""Checksum is wrong""]}"
"Rlgsqgyzsjt","825","{""errors"":[""Must be at least one letter 'а'""]}"
"Ezhthrlfuhxs","380","{""errors"":[""Must be at least one letter 'а'""]}"
"Rhgvrwslk","857","{""errors"":[""Checksum is wrong"",""Must be at least one letter 'а'""]}"
"Wrkqhrs","58","{""errors"":[""Must be at least one letter 'а'"",""Checksum is wrong""]}"
"Sdykhuvogb","796","{""errors"":[""Must be at least one letter 'а'""]}"
"Nxkxfz","982","{""errors"":[""Name length must be longer then 6 symbols"",""Must be at least one letter 'а'"",""Checksum is wrong""]}"
"Jxfygwpxec","385","{""errors"":[""Must be at least one letter 'а'"",""Checksum is wrong""]}"
"Bwpwbvblv","774","{""errors"":[""Checksum is wrong"",""Must be at least one letter 'а'""]}"
"Qcjnkazntgvh","106","{""errors"":[""Checksum is wrong""]}"
"Gyylld","929","{""errors"":[""Name length must be longer then 6 symbols"",""Checksum is wrong"",""Must be at least one letter 'а'""]}"
"Zlppsddwhj","59","{""errors"":[""Must be at least one letter 'а'"",""Checksum is wrong""]}"
"Tljmuip","256","{""errors"":[""Must be at least one letter 'а'"",""Checksum is wrong""]}"
"Wwcklz","884","{""errors"":[""Name length must be longer then 6 symbols"",""Must be at least one letter 'а'"",""Checksum is wrong""]}"
"Umkltp","238","{""errors"":[""Name length must be longer then 6 symbols"",""Must be at least one letter 'а'"",""Checksum is wrong""]}"
"Cgjbqonqwc","44","{""errors"":[""Checksum is wrong"",""Must be at least one letter 'а'""]}"
"Nnymkzv","201","{""errors"":[""Checksum is wrong"",""Must be at least one letter 'а'""]}"
"Xnlqbdnjnw","530","{""errors"":[""Must be at least one letter 'а'"",""Checksum is wrong""]}"
"Hcwfykzq","732","{""errors"":[""Must be at least one letter 'а'"",""Checksum is wrong""]}"
"Eghktduamtxh","75","{""errors"":[""Checksum is wrong""]}"
"Jtybzmi","738","{""errors"":[""Must be at least one letter 'а'""]}"
"Blrctp","724","{""errors"":[""Name length must be longer then 6 symbols"",""Checksum is wrong"",""Must be at least one letter 'а'""]}"
"Idujjcnrz","607","{""errors"":[""Must be at least one letter 'а'"",""Checksum is wrong""]}"
"Gfothkmunjai","549","{""errors"":[""Checksum is wrong""]}"
"Adszhbfeie","447","{""errors"":[""Must be at least one letter 'а'"",""Checksum is wrong""]}"
"Hpuamx","478","{""errors"":[""Name length must be longer then 6 symbols""]}"
"Pznfgvi","642","{""errors"":[""Must be at least one letter 'а'"",""Checksum is wrong""]}"
"Bnvnurjc","4","{""errors"":[""Checksum is wrong"",""Must be more than 9"",""Must be at least one letter 'а'""]}"
"Sxzbkghx","523","{""errors"":[""Must be at least one letter 'а'""]}"
"Dawlypw","439","{""errors"":[""Checksum is wrong""]}"
"Hrlfvfbsiju","239","{""errors"":[""Must be at least one letter 'а'"",""Checksum is wrong""]}"
"Dttbctu","836","{""errors"":[""Must be at least one letter 'а'"",""Checksum is wrong""]}"
"Ypbtuhflc","146","{""errors"":[""Must be at least one letter 'а'"",""Checksum is wrong""]}"
"Szxfhujs","990","{""errors"":[""Must be at least one letter 'а'"",""Checksum is wrong""]}"
"Vtfqbkwa","340","{""errors"":[""Checksum is wrong""]}"
"Yqrphouh","556","{""errors"":[""Checksum is wrong"",""Must be at least one letter 'а'""]}"
"Hcjjcwfgzh","23","{""errors"":[""Must be at least one letter 'а'"",""Checksum is wrong""]}"
"Azmwyj","541","{""errors"":[""Name length must be longer then 6 symbols"",""Must be at least one letter 'а'"",""Checksum is wrong""]}"
"Dmwupqbtk","498","{""errors"":[""Must be at least one letter 'а'"",""Checksum is wrong""]}"
"Bvnrscyb","646","{""errors"":[""Must be at least one letter 'а'"",""Checksum is wrong""]}"
"Wdjhvuv","949","{""errors"":[""Must be at least one letter 'а'""]}"
"Xocdubvqg","959","{""errors"":[""Must be at least one letter 'а'"",""Checksum is wrong""]}"
"Qjyetiygagn","223","{""errors"":[""Checksum is wrong""]}"
"Aysowkxl","64","{""errors"":[""Checksum is wrong"",""Must be at least one letter 'а'""]}"
"Kmpyosmudrbn","691","{""errors"":[""Checksum is wrong"",""Must be at least one letter 'а'""]}"
"Ckvzpol","245","{""errors"":[""Checksum is wrong"",""Must be at least one letter 'а'""]}"
"Rghzdztzchk","652","{""errors"":[""Must be at least one letter 'а'"",""Checksum is wrong""]}"
"Xlgqjimmxtr","190","{""errors"":[""Must be at least one letter 'а'"",""Checksum is wrong""]}"
"Wjbkkpds","473","{""errors"":[""Must be at least one letter 'а'""]}"
"Uqejfltgtokg","862","{""errors"":[""Must be at least one letter 'а'"",""Checksum is wrong""]}"
"Sqvkgvwxvqg","76","{""errors"":[""Checksum is wrong"",""Must be at least one letter 'а'""]}"
"Jqrfrakwlm","371","{""errors"":[""Checksum is wrong""]}"
"Sgxftalmfy","184","{""errors"":[""Checksum is wrong""]}"
"Gobwyf","919","{""errors"":[""Checksum is wrong"",""Name length must be longer then 6 symbols"",""Must be at least one letter 'а'""]}"
"Tjmrfh","502","{""errors"":[""Checksum is wrong"",""Name length must be longer then 6 symbols"",""Must be at least one letter 'а'""]}"
"Wsxdxx","307","{""errors"":[""Name length must be longer then 6 symbols"",""Must be at least one letter 'а'"",""Checksum is wrong""]}"
"Sbppqftu","14","{""errors"":[""Must be at least one letter 'а'"",""Checksum is wrong""]}"
"Pxaogdkndpg","350","{""errors"":[""Checksum is wrong""]}"
"Iphactebbcrd","141","{""errors"":[""Checksum is wrong""]}"
"Qhuvfzopevn","101","{""errors"":[""Must be at least one letter 'а'"",""Checksum is wrong""]}"
"Pceolb","781","{""errors"":[""Must be at least one letter 'а'"",""Checksum is wrong"",""Name length must be longer then 6 symbols""]}"
"Prjytpxi","562","{""errors"":[""Checksum is wrong"",""Must be at least one letter 'а'""]}"
"Hivmwm","908","{""errors"":[""Checksum is wrong"",""Must be at least one letter 'а'"",""Name length must be longer then 6 symbols""]}"
"Wmnjvdotf","403","{""errors"":[""Checksum is wrong"",""Must be at least one letter 'а'""]}"
"Ebboyp","392","{""errors"":[""Checksum is wrong"",""Must be at least one letter 'а'"",""Name length must be longer then 6 symbols""]}"
"Bmywufwg","784","{""errors"":[""Must be at least one letter 'а'"",""Checksum is wrong""]}"
"Mvwfuy","657","{""errors"":[""Checksum is wrong"",""Name length must be longer then 6 symbols"",""Must be at least one letter 'а'""]}"
"Tikcqwfnatmf","738","{""errors"":[""Checksum is wrong""]}"
"Kbptepdfofa","384","{""errors"":[""Checksum is wrong""]}"
"Mxuvmukap","764","{""errors"":[""Checksum is wrong""]}"
"Vfujqe","333","{""errors"":[""Name length must be longer then 6 symbols"",""Must be at least one letter 'а'"",""Checksum is wrong""]}"
"Skhgmwm","979","{""errors"":[""Must be at least one letter 'а'""]}"
"Kwbiipruqx","339","{""errors"":[""Must be at least one letter 'а'"",""Checksum is wrong""]}"
"Ofcxlajy","954","{""errors"":[""Checksum is wrong""]}"
"Dzfdhqvkqu","956","{""errors"":[""Must be at least one letter 'а'"",""Checksum is wrong""]}"
"Etnqspvmqobk","906","{""errors"":[""Checksum is wrong"",""Must be at least one letter 'а'""]}"
"Znjjkjo","153","{""errors"":[""Checksum is wrong"",""Must be at least one letter 'а'""]}"
"Augfbvrbc","660","{""errors"":[""Must be at least one letter 'а'"",""Checksum is wrong""]}"
"Qxebpmosleja","718","{""errors"":[""Checksum is wrong""]}"
"Jtacyifldgc","256","{""errors"":[""Checksum is wrong""]}"
"Lagyorj","409","{""errors"":[""Checksum is wrong""]}"
"Gasotjgua","976","{""errors"":[""Checksum is wrong""]}"
"Ppmgsgwzo","963","{""errors"":[""Checksum is wrong"",""Must be at least one letter 'а'""]}"
"Djkeohywt","645","{""errors"":[""Must be at least one letter 'а'""]}"
"Bjvkgyr","232","{""errors"":[""Must be at least one letter 'а'"",""Checksum is wrong""]}"
"Egzckddx","471","{""errors"":[""Must be at least one letter 'а'"",""Checksum is wrong""]}"
"Kloztkaonb","56","{""errors"":[""Checksum is wrong""]}"
"Yxdiiefcolc","451","{""errors"":[""Must be at least one letter 'а'"",""Checksum is wrong""]}"
"Vbujnj","847","{""errors"":[""Must be at least one letter 'а'"",""Name length must be longer then 6 symbols"",""Checksum is wrong""]}"
"Zqfxbgp","515","{""errors"":[""Must be at least one letter 'а'"",""Checksum is wrong""]}"
"Qyyamk","158","{""errors"":[""Checksum is wrong"",""Name length must be longer then 6 symbols""]}"
"Lptxyk","880","{""errors"":[""Checksum is wrong"",""Name length must be longer then 6 symbols"",""Must be at least one letter 'а'""]}"
"Ixsjqe","27","{""errors"":[""Checksum is wrong"",""Name length must be longer then 6 symbols"",""Must be at least one letter 'а'""]}"
"Hdlubpx","530","{""errors"":[""Checksum is wrong"",""Must be at least one letter 'а'""]}"
"Qtuxjbkqf","109","{""errors"":[""Checksum is wrong"",""Must be at least one letter 'а'""]}"
"Jzehbgdch","21","{""errors"":[""Must be at least one letter 'а'"",""Checksum is wrong""]}"
"Wmgafmsdlv","571","{""errors"":[""Checksum is wrong""]}"
"Plweuzw","904","{""errors"":[""Must be at least one letter 'а'"",""Checksum is wrong""]}"
"Qgeamf","460","{""errors"":[""Checksum is wrong"",""Name length must be longer then 6 symbols""]}"
"Cipldi","785","{""errors"":[""Name length must be longer then 6 symbols"",""Must be at least one letter 'а'"",""Checksum is wrong""]}"
"Zrgphjhc","12","{""errors"":[""Checksum is wrong"",""Must be at least one letter 'а'""]}"
"Jnvghhanslwl","814","{""errors"":[""Checksum is wrong""]}"
"Udqtkvczpq","934","{""errors"":[""Must be at least one letter 'а'"",""Checksum is wrong""]}"
"Mmzcjsxevteu","127","{""errors"":[""Checksum is wrong"",""Must be at least one letter 'а'""]}"
"Mgcrpbmqiixn","92","{""errors"":[""Must be at least one letter 'а'"",""Checksum is wrong""]}"
"Zvytkvkpo","122","{""errors"":[""Checksum is wrong"",""Must be at least one letter 'а'""]}"
"Uacenropd","808","{""errors"":[""Checksum is wrong""]}"
"Bhfbiaxfzcvt","792","{""errors"":[""Checksum is wrong""]}"
"Jiqfnh","684","{""errors"":[""Name length must be longer then 6 symbols"",""Must be at least one letter 'а'"",""Checksum is wrong""]}"
"Fejstfqjmw","767","{""errors"":[""Checksum is wrong"",""Must be at least one letter 'а'""]}"
"Qjetfoxmmt","67","{""errors"":[""Checksum is wrong"",""Must be at least one letter 'а'""]}"
"Pbcnatuqeet","289","{""errors"":[""Checksum is wrong""]}"
"Spnksitquqix","525","{""errors"":[""Checksum is wrong"",""Must be at least one letter 'а'""]}"
"Jkhguwqar","442","{""errors"":[""Checksum is wrong""]}"
"Mxzpcex","655","{""errors"":[""Checksum is wrong"",""Must be at least one letter 'а'""]}"
"Mnholrm","444","{""errors"":[""Must be at least one letter 'а'"",""Checksum is wrong""]}"
"Dulojsjz","370","{""errors"":[""Must be at least one letter 'а'"",""Checksum is wrong""]}"
"Bdtivouero","345","{""errors"":[""Checksum is wrong"",""Must be at least one letter 'а'""]}"
"Cbjsmakgzjyi","394","{""errors"":[""Checksum is wrong""]}"
"Gecbymbr","791","{""errors"":[""Must be at least one letter 'а'"",""Checksum is wrong""]}"
"Qjbgyncdizk","912","{""errors"":[""Must be at least one letter 'а'""]}"
"Wwebcpkk","270","{""errors"":[""Must be at least one letter 'а'"",""Checksum is wrong""]}"
"Atgaxqo","804","{""errors"":[""Checksum is wrong""]}"
"Yxcrhiurlzoc","551","{""errors"":[""Must be at least one letter 'а'"",""Checksum is wrong""]}"
"Fpqfrmeik","116","{""errors"":[""Must be at least one letter 'а'"",""Checksum is wrong""]}"
"Okptlqtmbwqw","389","{""errors"":[""Must be at least one letter 'а'"",""Checksum is wrong""]}"
"Bogxfdmudfj","877","{""errors"":[""Must be at least one letter 'а'"",""Checksum is wrong""]}"
"Lizoozyqimhi","43","{""errors"":[""Must be at least one letter 'а'""]}"
"Fimwwzdzl","345","{""errors"":[""Must be at least one letter 'а'"",""Checksum is wrong""]}"
"Rmenca","126","{""errors"":[""Checksum is wrong"",""Name length must be longer then 6 symbols""]}"
"Vxbhvhl","20","{""errors"":[""Must be at least one letter 'а'""]}"
"Tzddlcigoqu","133","{""errors"":[""Checksum is wrong"",""Must be at least one letter 'а'""]}"
"Knnzgjumnnhj","373","{""errors"":[""Checksum is wrong"",""Must be at least one letter 'а'""]}"
"Cptckpzdjl","762","{""errors"":[""Checksum is wrong"",""Must be at least one letter 'а'""]}"
"Tmqseyvr","0","{""errors"":[""Must be at least one letter 'а'"",""Checksum is wrong"",""Must be more than 9""]}"
"Nvkqlnsjbh","329","{""errors"":[""Must be at least one letter 'а'"",""Checksum is wrong""]}"
"Yowucr","95","{""errors"":[""Must be at least one letter 'а'"",""Checksum is wrong"",""Name length must be longer then 6 symbols""]}"
"Bgcsojz","70","{""errors"":[""Must be at least one letter 'а'"",""Checksum is wrong""]}"
"Jbqrtoaza","573","{""errors"":[""Checksum is wrong""]}"
"Lrdqsntp","545","{""errors"":[""Must be at least one letter 'а'"",""Checksum is wrong""]}"
"Iqnifhsmged","776","{""errors"":[""Must be at least one letter 'а'"",""Checksum is wrong""]}"
"Tezmtpiy","608","{""errors"":[""Must be at least one letter 'а'"",""Checksum is wrong""]}"
"Ionhlumag","395","{""errors"":[""Checksum is wrong""]}"
"Kxyzganl","807","{""errors"":[""Checksum is wrong""]}"
"Xlxcdfdfiqaq","406","{""errors"":[""Checksum is wrong""]}"
"Smchnlmhazg","596","{""errors"":[""Checksum is wrong""]}"
"Nqhpylxnjimp","668","{""errors"":[""Checksum is wrong"",""Must be at least one letter 'а'""]}"
"Higeblr","669","{""errors"":[""Must be at least one letter 'а'"",""Checksum is wrong""]}"
"Xicyqpwfzcy","436","{""errors"":[""Must be at least one letter 'а'""]}"
"Qcceeexft","819","{""errors"":[""Checksum is wrong"",""Must be at least one letter 'а'""]}"
"Ujqrdfce","938","{""errors"":[""Checksum is wrong"",""Must be at least one letter 'а'""]}"
"Dahegr","252","{""errors"":[""Name length must be longer then 6 symbols"",""Checksum is wrong""]}"
"Jrvcrgggoew","629","{""errors"":[""Checksum is wrong"",""Must be at least one letter 'а'""]}"
"Edtlybffnke","272","{""errors"":[""Must be at least one letter 'а'"",""Checksum is wrong""]}"
"Tmnvrstqyozq","74","{""errors"":[""Checksum is wrong"",""Must be at least one letter 'а'""]}"
"Wczwsapwsnx","234","{""errors"":[""Checksum is wrong""]}"
"Anghugqp","612","{""errors"":[""Checksum is wrong"",""Must be at least one letter 'а'""]}"
"Mtxxjxnb","501","{""errors"":[""Checksum is wrong"",""Must be at least one letter 'а'""]}"
"Xsbzjfm","735","{""errors"":[""Must be at least one letter 'а'"",""Checksum is wrong""]}"
"Mxiqfdq","845","{""errors"":[""Must be at least one letter 'а'"",""Checksum is wrong""]}"
"Bvrkuxjrq","257","{""errors"":[""Checksum is wrong"",""Must be at least one letter 'а'""]}"
"Jzxcrs","105","{""errors"":[""Name length must be longer then 6 symbols"",""Checksum is wrong"",""Must be at least one letter 'а'""]}"
"Slhvlzavc","956","{""errors"":[""Checksum is wrong""]}"
"Dkquwt","650","{""errors"":[""Name length must be longer then 6 symbols"",""Must be at least one letter 'а'"",""Checksum is wrong""]}"
"Idpyrveddib","522","{""errors"":[""Must be at least one letter 'а'"",""Checksum is wrong""]}"
"Pgymbonon","618","{""errors"":[""Must be at least one letter 'а'"",""Checksum is wrong""]}"
"Wojcgaq","731","{""errors"":[""Checksum is wrong""]}"
"Myabxqdx","165","{""errors"":[""Checksum is wrong""]}"
"Ydcfszpmfpop","862","{""errors"":[""Checksum is wrong"",""Must be at least one letter 'а'""]}"
"Vwujhbbfsxcm","290","{""errors"":[""Checksum is wrong"",""Must be at least one letter 'а'""]}"
"Tbxngjua","430","{""errors"":[""Checksum is wrong""]}"
"Wbrhnj","186","{""errors"":[""Checksum is wrong"",""Must be at least one letter 'а'"",""Name length must be longer then 6 symbols""]}"
"Fvaddsjpga","941","{""errors"":[""Checksum is wrong""]}"
"Ysggqfsia","973","{""errors"":[""Checksum is wrong""]}"
"Kuyqqeryycqe","201","{""errors"":[""Must be at least one letter 'а'"",""Checksum is wrong""]}"
"Unkkuixgzhef","755","{""errors"":[""Must be at least one letter 'а'"",""Checksum is wrong""]}"
"Tbqlyiuysbtl","381","{""errors"":[""Checksum is wrong"",""Must be at least one letter 'а'""]}"
"Urerqmd","905","{""errors"":[""Must be at least one letter 'а'"",""Checksum is wrong""]}"
"Plvvwzayiic","830","{""errors"":[""Checksum is wrong""]}"
"Hescyiefwoi","981","{""errors"":[""Must be at least one letter 'а'""]}"
"Fccisgwvb","218","{""errors"":[""Must be at least one letter 'а'""]}"
"Qjehcuf","176","{""errors"":[""Must be at least one letter 'а'"",""Checksum is wrong""]}"
"Walsrmc","16","{""errors"":[""Checksum is wrong""]}"
"Nsfglcsnw","345","{""errors"":[""Must be at least one letter 'а'"",""Checksum is wrong""]}"
"Bamnzd","623","{""errors"":[""Checksum is wrong"",""Name length must be longer then 6 symbols""]}"
"Uglxkepvapy","588","{""errors"":[""Checksum is wrong""]}"
"Uuwbzyaae","756","{""errors"":[""Checksum is wrong""]}"
"Qjmekblxizft","849","{""errors"":[""Must be at least one letter 'а'"",""Checksum is wrong""]}"
"Qejbzkzvw","523","{""errors"":[""Must be at least one letter 'а'"",""Checksum is wrong""]}"
"Uzqitsjep","244","{""errors"":[""Must be at least one letter 'а'""]}"
"Zmgucazk","560","{""errors"":[""Checksum is wrong""]}"
"Ssvoyrkbbppj","473","{""errors"":[""Checksum is wrong"",""Must be at least one letter 'а'""]}"
"Wsrovombef","732","{""errors"":[""Must be at least one letter 'а'""]}"
"Pepytavumrkc","850","{""errors"":[""Checksum is wrong""]}"
"Junbpyu","265","{""errors"":[""Must be at least one letter 'а'"",""Checksum is wrong""]}"
"Wlqnywhihmgj","298","{""errors"":[""Checksum is wrong"",""Must be at least one letter 'а'""]}"
"Gubjamalgpdj","512","{""errors"":[""Checksum is wrong""]}"
"Ecdnnnsmwj","379","{""errors"":[""Checksum is wrong"",""Must be at least one letter 'а'""]}"
"Pqvsjxwgfj","642","{""errors"":[""Must be at least one letter 'а'"",""Checksum is wrong""]}"
"Jdrditb","177","{""errors"":[""Checksum is wrong"",""Must be at least one letter 'а'""]}"
"Uwwzpkfzjbaq","895","{""errors"":[""Checksum is wrong""]}"
"Qluzvfi","756","{""errors"":[""Checksum is wrong"",""Must be at least one letter 'а'""]}"
"Vgpovozstz","99","{""errors"":[""Must be at least one letter 'а'"",""Checksum is wrong""]}"
"Tkihqiikhpy","680","{""errors"":[""Checksum is wrong"",""Must be at least one letter 'а'""]}"
"Swlelnpzgdi","306","{""errors"":[""Must be at least one letter 'а'""]}"
"Sbujrygeypab","904","{""errors"":[""Checksum is wrong""]}"
"Uqfwrfyb","969","{""errors"":[""Must be at least one letter 'а'"",""Checksum is wrong""]}"
"Irsaormaxet","855","{""errors"":[""Checksum is wrong""]}"
"Ixueyoziu","524","{""errors"":[""Must be at least one letter 'а'"",""Checksum is wrong""]}"
"Aldxfdvrhz","341","{""errors"":[""Checksum is wrong"",""Must be at least one letter 'а'""]}"
"Eqqhpurpf","204","{""errors"":[""Must be at least one letter 'а'"",""Checksum is wrong""]}"
"Ycktwozqy","299","{""errors"":[""Must be at least one letter 'а'"",""Checksum is wrong""]}"
"Odgylyk","995","{""errors"":[""Checksum is wrong"",""Must be at least one letter 'а'""]}"
"Skhxvbelzxx","856","{""errors"":[""Must be at least one letter 'а'"",""Checksum is wrong""]}"
"Eldcih","220","{""errors"":[""Checksum is wrong"",""Name length must be longer then 6 symbols"",""Must be at least one letter 'а'""]}"
"Ghmuuspnrqy","583","{""errors"":[""Must be at least one letter 'а'"",""Checksum is wrong""]}"
"Jrcughhkki","132","{""errors"":[""Must be at least one letter 'а'"",""Checksum is wrong""]}"
"Uhgryinvm","204","{""errors"":[""Must be at least one letter 'а'"",""Checksum is wrong""]}"
"Rfwsmcflrgx","200","{""errors"":[""Must be at least one letter 'а'"",""Checksum is wrong""]}"
"Roiyuqpllto","802","{""errors"":[""Must be at least one letter 'а'"",""Checksum is wrong""]}"
"Dfvjzkibj","491","{""errors"":[""Must be at least one letter 'а'"",""Checksum is wrong""]}"
"Fhjmxhliu","980","{""errors"":[""Must be at least one letter 'а'"",""Checksum is wrong""]}"
"Jxgkacsyx","81","{""errors"":[""Checksum is wrong""]}"
"Swxramzlhzx","172","{""errors"":[""Checksum is wrong""]}"
"Dehtfeb","22","{""errors"":[""Checksum is wrong"",""Must be at least one letter 'а'""]}"
"Crghklexp","876","{""errors"":[""Must be at least one letter 'а'"",""Checksum is wrong""]}"
"Nttpuz","244","{""errors"":[""Checksum is wrong"",""Must be at least one letter 'а'"",""Name length must be longer then 6 symbols""]}"
"Maxsunv","886","{""errors"":[""Checksum is wrong""]}"
"Niglinxk","324","{""errors"":[""Must be at least one letter 'а'"",""Checksum is wrong""]}"
"Fbaihrohduc","93","{""errors"":[""Checksum is wrong""]}"
"Nknzfulkkr","314","{""errors"":[""Checksum is wrong"",""Must be at least one letter 'а'""]}"
"Tydnizwkpmt","359","{""errors"":[""Checksum is wrong"",""Must be at least one letter 'а'""]}"
"Ymrrvvekr","231","{""errors"":[""Must be at least one letter 'а'"",""Checksum is wrong""]}"
"Jtbvpkala","824","{""errors"":[""Checksum is wrong""]}"
"Wwrigrvimmh","175","{""errors"":[""Checksum is wrong"",""Must be at least one letter 'а'""]}"
"Jbuzbpaqa","112","{""errors"":[""Checksum is wrong""]}"
"Ftjjhdjtr","920","{""errors"":[""Checksum is wrong"",""Must be at least one letter 'а'""]}"
"Opvpiya","994","{""errors"":[""Checksum is wrong""]}"
"Kuewrbxorcvx","65","{""errors"":[""Checksum is wrong"",""Must be at least one letter 'а'""]}"
"Mygsebz","364","{""errors"":[""Must be at least one letter 'а'"",""Checksum is wrong""]}"
"Bvskbi","555","{""errors"":[""Must be at least one letter 'а'"",""Checksum is wrong"",""Name length must be longer then 6 symbols""]}"
"Ysijhxkuqd","242","{""errors"":[""Must be at least one letter 'а'"",""Checksum is wrong""]}"
"Jcozlliunzmx","40","{""errors"":[""Checksum is wrong"",""Must be at least one letter 'а'""]}"
"Xwavbzpxriqg","473","{""errors"":[""Checksum is wrong""]}"
"Ynnyzqodrxor","797","{""errors"":[""Checksum is wrong"",""Must be at least one letter 'а'""]}"
"Bpcxgvpy","676","{""errors"":[""Checksum is wrong"",""Must be at least one letter 'а'""]}"
"Qvsbjfxkjb","281","{""errors"":[""Must be at least one letter 'а'"",""Checksum is wrong""]}"
"Fgrumlxz","534","{""errors"":[""Checksum is wrong"",""Must be at least one letter 'а'""]}"
"Fvmikaeop","277","{""errors"":[""Checksum is wrong""]}"
"Lktfjwazrgvq","854","{""errors"":[""Checksum is wrong""]}"
"Shtzoc","591","{""errors"":[""Name length must be longer then 6 symbols"",""Must be at least one letter 'а'""]}"
"Uddqxiswmaf","821","{""errors"":[""Checksum is wrong""]}"
"Ytysweztx","238","{""errors"":[""Must be at least one letter 'а'"",""Checksum is wrong""]}"
"Odhqapii","381","{""errors"":[""Checksum is wrong""]}"
"Olkvyudx","337","{""errors"":[""Must be at least one letter 'а'"",""Checksum is wrong""]}"
"Bbrphzdcx","314","{""errors"":[""Checksum is wrong"",""Must be at least one letter 'а'""]}"
"Uuledrhdfvx","264","{""errors"":[""Must be at least one letter 'а'"",""Checksum is wrong""]}"
"Nczrfyzvf","218","{""errors"":[""Must be at least one letter 'а'"",""Checksum is wrong""]}"
"Nhuikgx","979","{""errors"":[""Checksum is wrong"",""Must be at least one letter 'а'""]}"
"Qnictgynlqge","31","{""errors"":[""Must be at least one letter 'а'"",""Checksum is wrong""]}"
"Gyiuybki","45","{""errors"":[""Checksum is wrong"",""Must be at least one letter 'а'""]}"
"Hutnecq","772","{""errors"":[""Checksum is wrong"",""Must be at least one letter 'а'""]}"
"Rpojqvlqvs","415","{""errors"":[""Must be at least one letter 'а'"",""Checksum is wrong""]}"
"Fwqbclci","472","{""errors"":[""Must be at least one letter 'а'"",""Checksum is wrong""]}"
"Hiepckaf","150","{""errors"":[""Checksum is wrong""]}"
"Vtxtdwul","410","{""errors"":[""Checksum is wrong"",""Must be at least one letter 'а'""]}"
"Hhbozu","669","{""errors"":[""Checksum is wrong"",""Name length must be longer then 6 symbols"",""Must be at least one letter 'а'""]}"
"Ktqpma","982","{""errors"":[""Name length must be longer then 6 symbols"",""Checksum is wrong""]}"
"Aofvlyyyj","358","{""errors"":[""Must be at least one letter 'а'"",""Checksum is wrong""]}"
"Hbnnngmhz","735","{""errors"":[""Must be at least one letter 'а'"",""Checksum is wrong""]}"
"Pxrttdk","689","{""errors"":[""Must be at least one letter 'а'"",""Checksum is wrong""]}"
"Eotwwdzogv","243","{""errors"":[""Must be at least one letter 'а'"",""Checksum is wrong""]}"
"Rfykykg","488","{""errors"":[""Must be at least one letter 'а'"",""Checksum is wrong""]}"
"Igqkjkqqt","988","{""errors"":[""Must be at least one letter 'а'"",""Checksum is wrong""]}"
"Ruptmlp","937","{""errors"":[""Checksum is wrong"",""Must be at least one letter 'а'""]}"
"Pfgwdwtek","638","{""errors"":[""Checksum is wrong"",""Must be at least one letter 'а'""]}"
"Xfawvwf","461","{""errors"":[""Checksum is wrong""]}"
"Ojmqzodwa","162","{""errors"":[""Checksum is wrong""]}"
"Macblncmlooz","202","{""errors"":[""Checksum is wrong""]}"
"Mfwkgobyqeej","666","{""errors"":[""Must be at least one letter 'а'"",""Checksum is wrong""]}"
"Gbkcpng","289","{""errors"":[""Checksum is wrong"",""Must be at least one letter 'а'""]}"
"Hwvpefcvtsu","949","{""errors"":[""Must be at least one letter 'а'"",""Checksum is wrong""]}"
"Blqxlh","209","{""errors"":[""Name length must be longer then 6 symbols"",""Must be at least one letter 'а'"",""Checksum is wrong""]}"
"Szropuxpijl","398","{""errors"":[""Must be at least one letter 'а'"",""Checksum is wrong""]}"
"Ubdncfrzgyvy","510","{""errors"":[""Checksum is wrong"",""Must be at least one letter 'а'""]}"
"Slbgpr","346","{""errors"":[""Must be at least one letter 'а'"",""Name length must be longer then 6 symbols""]}"
"Ffschmhyvkf","69","{""errors"":[""Must be at least one letter 'а'"",""Checksum is wrong""]}"
"Psfewy","633","{""errors"":[""Name length must be longer then 6 symbols"",""Checksum is wrong"",""Must be at least one letter 'а'""]}"
"Btnfjjde","382","{""errors"":[""Must be at least one letter 'а'"",""Checksum is wrong""]}"
"Mijiunqp","281","{""errors"":[""Checksum is wrong"",""Must be at least one letter 'а'""]}"
"Tgjintpya","22","{""errors"":[""Checksum is wrong""]}"
"Anztorhgjhwa","85","{""errors"":[""Checksum is wrong""]}"
"Qklxqqhbuc","535","{""errors"":[""Checksum is wrong"",""Must be at least one letter 'а'""]}"
"Iaqsmefbkvkd","407","{""errors"":[""Checksum is wrong""]}"
"Mhwqwivv","521","{""errors"":[""Checksum is wrong"",""Must be at least one letter 'а'""]}"
"Mkmsfh","839","{""errors"":[""Name length must be longer then 6 symbols"",""Must be at least one letter 'а'""]}"
"Rcnvzhtx","738","{""errors"":[""Must be at least one letter 'а'"",""Checksum is wrong""]}"
"Yiuhdu","916","{""errors"":[""Must be at least one letter 'а'"",""Name length must be longer then 6 symbols"",""Checksum is wrong""]}"
"Cxtlxycd","398","{""errors"":[""Must be at least one letter 'а'"",""Checksum is wrong""]}"
"Owvybglxrb","828","{""errors"":[""Must be at least one letter 'а'"",""Checksum is wrong""]}"
"Kocnbn","635","{""errors"":[""Checksum is wrong"",""Must be at least one letter 'а'"",""Name length must be longer then 6 symbols""]}"
"Bkmlpya","451","{""errors"":[""Checksum is wrong""]}"
"Gfwqhyowx","594","{""errors"":[""Checksum is wrong"",""Must be at least one letter 'а'""]}"
"Vjptux","611","{""errors"":[""Checksum is wrong"",""Must be at least one letter 'а'"",""Name length must be longer then 6 symbols""]}"
"Cjriosyrfnp","763","{""errors"":[""Must be at least one letter 'а'"",""Checksum is wrong""]}"
"Vzuqoxzch","551","{""errors"":[""Checksum is wrong"",""Must be at least one letter 'а'""]}"
"Pkmjwa","956","{""errors"":[""Checksum is wrong"",""Name length must be longer then 6 symbols""]}"
"Rwokzpinb","335","{""errors"":[""Checksum is wrong"",""Must be at least one letter 'а'""]}"
"Jwxjzirnan","273","{""errors"":[""Checksum is wrong""]}"
"Driejqmitiz","661","{""errors"":[""Checksum is wrong"",""Must be at least one letter 'а'""]}"
"Ntlcgcwwmice","847","{""errors"":[""Must be at least one letter 'а'"",""Checksum is wrong""]}"
"Hoobpamkj","251","{""errors"":[""Checksum is wrong""]}"
"Xtsvfudhu","792","{""errors"":[""Must be at least one letter 'а'"",""Checksum is wrong""]}"
"Jweywvaklim","507","{""errors"":[""Checksum is wrong""]}"
"Lscbswnc","803","{""errors"":[""Must be at least one letter 'а'"",""Checksum is wrong""]}"
"Jndofwvk","653","{""errors"":[""Checksum is wrong"",""Must be at least one letter 'а'""]}"
"Sznopyleeuad","391","{""errors"":[""Checksum is wrong""]}"
"Yxqjtvyfqlu","633","{""errors"":[""Checksum is wrong"",""Must be at least one letter 'а'""]}"
"Xrkclmdwwuq","789","{""errors"":[""Must be at least one letter 'а'"",""Checksum is wrong""]}"
"Imsvivsodjlm","539","{""errors"":[""Must be at least one letter 'а'"",""Checksum is wrong""]}"
"Fkhcbcklck","898","{""errors"":[""Must be at least one letter 'а'"",""Checksum is wrong""]}"
"Copktrywkf","960","{""errors"":[""Must be at least one letter 'а'""]}"
"Uwhsqtnsuevk","150","{""errors"":[""Checksum is wrong"",""Must be at least one letter 'а'""]}"
"Qjhjkenybbm","259","{""errors"":[""Checksum is wrong"",""Must be at least one letter 'а'""]}"
"Xtejzb","936","{""errors"":[""Checksum is wrong"",""Must be at least one letter 'а'"",""Name length must be longer then 6 symbols""]}"
"Evupqnj","132","{""errors"":[""Must be at least one letter 'а'"",""Checksum is wrong""]}"
"Iiniubocmuy","239","{""errors"":[""Checksum is wrong"",""Must be at least one letter 'а'""]}"
"Lqjwbof","497","{""errors"":[""Checksum is wrong"",""Must be at least one letter 'а'""]}"
"Xpdfinhziukb","464","{""errors"":[""Must be at least one letter 'а'"",""Checksum is wrong""]}"
"Qomnaw","809","{""errors"":[""Checksum is wrong"",""Name length must be longer then 6 symbols""]}"
"Muaezt","586","{""errors"":[""Checksum is wrong"",""Name length must be longer then 6 symbols""]}"
"Sdkptegcyjxj","570","{""errors"":[""Must be at least one letter 'а'"",""Checksum is wrong""]}"
"Nmgsxyug","724","{""errors"":[""Must be at least one letter 'а'"",""Checksum is wrong""]}"
"Ysrtpwbvu","295","{""errors"":[""Checksum is wrong"",""Must be at least one letter 'а'""]}"
"Mxlhun","97","{""errors"":[""Name length must be longer then 6 symbols"",""Must be at least one letter 'а'"",""Checksum is wrong""]}"
"Hkwlmamuort","628","{""errors"":[""Checksum is wrong""]}"
"Kwonaqnxqgya","278","{""errors"":[""Checksum is wrong""]}"
"Omdaia","178","{""errors"":[""Checksum is wrong"",""Name length must be longer then 6 symbols""]}"
"Okmiudjsqn","902","{""errors"":[""Must be at least one letter 'а'""]}"
"Nskdzbckya","2","{""errors"":[""Checksum is wrong"",""Must be more than 9""]}"
"Nkdfgqldn","443","{""errors"":[""Checksum is wrong"",""Must be at least one letter 'а'""]}"
"Odhjlptf","424","{""errors"":[""Must be at least one letter 'а'"",""Checksum is wrong""]}"
"Bgpdcvuu","316","{""errors"":[""Must be at least one letter 'а'"",""Checksum is wrong""]}"
"Vpkxeaxcug","627","{""errors"":[""Checksum is wrong""]}"
"Wfpjwvicpmki","480","{""errors"":[""Must be at least one letter 'а'"",""Checksum is wrong""]}"
"Fcrrwqm","13","{""errors"":[""Must be at least one letter 'а'"",""Checksum is wrong""]}"
"Hdurlybao","170","{""errors"":[""Checksum is wrong""]}"
"Nsvejnok","332","{""errors"":[""Must be at least one letter 'а'"",""Checksum is wrong""]}"
"Xabvve","863","{""errors"":[""Name length must be longer then 6 symbols""]}"
"Bdvozsqxh","467","{""errors"":[""Checksum is wrong"",""Must be at least one letter 'а'""]}"
"Evooynilbxaa","665","{""errors"":[""Checksum is wrong""]}"
"Kprssammiy","554","{""errors"":[""Checksum is wrong""]}"
"Ebvzgukf","663","{""errors"":[""Must be at least one letter 'а'"",""Checksum is wrong""]}"
"Dpwwxmaoizhe","785","{""errors"":[""Checksum is wrong""]}"
"Zeysjzvxl","316","{""errors"":[""Checksum is wrong"",""Must be at least one letter 'а'""]}"
"Guvokq","89","{""errors"":[""Name length must be longer then 6 symbols"",""Must be at least one letter 'а'"",""Checksum is wrong""]}"
"Otuwbncmauow","602","{""errors"":[""Checksum is wrong""]}"
"Opvtisyvrapl","520","{""errors"":[""Checksum is wrong""]}"
"Xioaurfxyyvf","975","{""errors"":[""Checksum is wrong""]}"
"Tlxskbvm","931","{""errors"":[""Checksum is wrong"",""Must be at least one letter 'а'""]}"
"Ndfgiilvsooo","18","{""errors"":[""Must be at least one letter 'а'"",""Checksum is wrong""]}"
"Ejgmreubf","378","{""errors"":[""Must be at least one letter 'а'"",""Checksum is wrong""]}"
"Hwzuyqyrr","584","{""errors"":[""Checksum is wrong"",""Must be at least one letter 'а'""]}"
"Dbyxvjg","639","{""errors"":[""Checksum is wrong"",""Must be at least one letter 'а'""]}"
"Joptjwzpxvct","395","{""errors"":[""Must be at least one letter 'а'"",""Checksum is wrong""]}"
"Xvhugynd","412","{""errors"":[""Checksum is wrong"",""Must be at least one letter 'а'""]}"
"Ehmetmscbtfi","996","{""errors"":[""Checksum is wrong"",""Must be at least one letter 'а'""]}"
"Piyobjancww","974","{""errors"":[""Checksum is wrong""]}"
"Uwkyvntsv","318","{""errors"":[""Checksum is wrong"",""Must be at least one letter 'а'""]}"
"Twadpxnxu","651","{""errors"":[""Checksum is wrong""]}"
"Igppzhkfysp","397","{""errors"":[""Must be at least one letter 'а'"",""Checksum is wrong""]}"
"Tycahyv","84","{""errors"":[""Checksum is wrong""]}"
"Wrxeiipco","362","{""errors"":[""Checksum is wrong"",""Must be at least one letter 'а'""]}"
"Xdprtzl","959","{""errors"":[""Must be at least one letter 'а'"",""Checksum is wrong""]}"
"Kkgeidhjjxq","271","{""errors"":[""Must be at least one letter 'а'"",""Checksum is wrong""]}"
"Qzghgi","444","{""errors"":[""Must be at least one letter 'а'"",""Name length must be longer then 6 symbols"",""Checksum is wrong""]}"
"Gxrzgi","963","{""errors"":[""Name length must be longer then 6 symbols"",""Must be at least one letter 'а'"",""Checksum is wrong""]}"
"Pivueit","404","{""errors"":[""Must be at least one letter 'а'""]}"
"Fkmvfghuu","399","{""errors"":[""Must be at least one letter 'а'"",""Checksum is wrong""]}"
"Ppeemhj","403","{""errors"":[""Checksum is wrong"",""Must be at least one letter 'а'""]}"
"Hmqbrelkzbad","870","{""errors"":[""Checksum is wrong""]}"
"Wuupmmqthp","969","{""errors"":[""Must be at least one letter 'а'"",""Checksum is wrong""]}"
"Pcynuwjoxosa","309","{""errors"":[""Checksum is wrong""]}"
"Stkzpnh","153","{""errors"":[""Must be at least one letter 'а'"",""Checksum is wrong""]}"
"Sgtxkqbp","530","{""errors"":[""Must be at least one letter 'а'""]}"
"Drkyinnzkj","609","{""errors"":[""Checksum is wrong"",""Must be at least one letter 'а'""]}"
"Sqtykkxihi","251","{""errors"":[""Must be at least one letter 'а'"",""Checksum is wrong""]}"
"Fgnubuwm","249","{""errors"":[""Must be at least one letter 'а'"",""Checksum is wrong""]}"
"Zslouxrxxf","233","{""errors"":[""Must be at least one letter 'а'"",""Checksum is wrong""]}"
"Rjhlfkbgr","831","{""errors"":[""Checksum is wrong"",""Must be at least one letter 'а'""]}"
"Fpnnjswr","357","{""errors"":[""Checksum is wrong"",""Must be at least one letter 'а'""]}"
"Abeuhapp","542","{""errors"":[""Checksum is wrong""]}"
"Tblttpcheh","738","{""errors"":[""Checksum is wrong"",""Must be at least one letter 'а'""]}"
"Joquqs","173","{""errors"":[""Checksum is wrong"",""Name length must be longer then 6 symbols"",""Must be at least one letter 'а'""]}"
"Wqyykokvxlc","149","{""errors"":[""Must be at least one letter 'а'""]}"
"Jktdmzxrk","664","{""errors"":[""Must be at least one letter 'а'"",""Checksum is wrong""]}"
"Svwdbyrpx","696","{""errors"":[""Checksum is wrong"",""Must be at least one letter 'а'""]}"
"Rieyyngz","855","{""errors"":[""Checksum is wrong"",""Must be at least one letter 'а'""]}"
"Fhayjymo","611","{""errors"":[""Checksum is wrong""]}"
"Apzctnesgac","639","{""errors"":[""Checksum is wrong""]}"
"Shgcomh","556","{""errors"":[""Checksum is wrong"",""Must be at least one letter 'а'""]}"
"Lxmuxcod","404","{""errors"":[""Must be at least one letter 'а'"",""Checksum is wrong""]}"
"Qytmspkslvzb","110","{""errors"":[""Checksum is wrong"",""Must be at least one letter 'а'""]}"
"Eilfrtsrds","564","{""errors"":[""Must be at least one letter 'а'"",""Checksum is wrong""]}"
"Ssfxoy","804","{""errors"":[""Name length must be longer then 6 symbols"",""Must be at least one letter 'а'"",""Checksum is wrong""]}"
"Hyenbkb","966","{""errors"":[""Must be at least one letter 'а'"",""Checksum is wrong""]}"
"Xtkcrchz","416","{""errors"":[""Checksum is wrong"",""Must be at least one letter 'а'""]}"
"Qlwaytxl","132","{""errors"":[""Checksum is wrong""]}"
"Dnekmgm","122","{""errors"":[""Checksum is wrong"",""Must be at least one letter 'а'""]}"
"Gtojjfbuyywl","196","{""errors"":[""Checksum is wrong"",""Must be at least one letter 'а'""]}"
"Tofjzgjguj","851","{""errors"":[""Must be at least one letter 'а'"",""Checksum is wrong""]}"
"Zgbrgtckgu","509","{""errors"":[""Checksum is wrong"",""Must be at least one letter 'а'""]}"
"Rejuqubbgv","887","{""errors"":[""Checksum is wrong"",""Must be at least one letter 'а'""]}"
"Hiymcqmxs","983","{""errors"":[""Must be at least one letter 'а'"",""Checksum is wrong""]}"
"Daxazxnegvl","767","{""errors"":[""Checksum is wrong""]}"
"Drvkxuklg","385","{""errors"":[""Checksum is wrong"",""Must be at least one letter 'а'""]}"
"Gqfguzads","26","{""errors"":[""Checksum is wrong""]}"
"Xgsmuzlux","200","{""errors"":[""Must be at least one letter 'а'""]}"
"Blomitgc","122","{""errors"":[""Checksum is wrong"",""Must be at least one letter 'а'""]}"
"Tbghdnkxjxbl","537","{""errors"":[""Checksum is wrong"",""Must be at least one letter 'а'""]}"
"Odywdpdmdmyj","66","{""errors"":[""Checksum is wrong"",""Must be at least one letter 'а'""]}"
"Nkdhosa","491","{""errors"":[""Checksum is wrong""]}"
"Tjjuaztsbnvd","896","{""errors"":[""Checksum is wrong""]}"
"Bocuiqhoc","171","{""errors"":[""Must be at least one letter 'а'"",""Checksum is wrong""]}"
"Jdokpvkpot","706","{""errors"":[""Must be at least one letter 'а'""]}"
"Dotkknj","387","{""errors"":[""Must be at least one letter 'а'"",""Checksum is wrong""]}"
"Luhlzmbbrtub","833","{""errors"":[""Must be at least one letter 'а'"",""Checksum is wrong""]}"
"Vmracwh","402","{""errors"":[""Checksum is wrong""]}"
"Rtymvsoycpc","282","{""errors"":[""Must be at least one letter 'а'"",""Checksum is wrong""]}"
"Lsjjepilxuwk","941","{""errors"":[""Checksum is wrong"",""Must be at least one letter 'а'""]}"
"Ibuhwezij","772","{""errors"":[""Must be at least one letter 'а'"",""Checksum is wrong""]}"
"Favvfpv","698","{""errors"":[""Checksum is wrong""]}"
"Xsktaa","3","{""errors"":[""Must be more than 9"",""Checksum is wrong"",""Name length must be longer then 6 symbols""]}"
"Yguugrwsu","899","{""errors"":[""Must be at least one letter 'а'"",""Checksum is wrong""]}"
"Yfuwoomkkpjh","630","{""errors"":[""Must be at least one letter 'а'"",""Checksum is wrong""]}"
"Ohlkkbrf","431","{""errors"":[""Must be at least one letter 'а'"",""Checksum is wrong""]}"
"Blmcvraj","80","{""errors"":[""Checksum is wrong""]}"
"Kksolyn","799","{""errors"":[""Checksum is wrong"",""Must be at least one letter 'а'""]}"
"Qnmqjnwlqcp","318","{""errors"":[""Checksum is wrong"",""Must be at least one letter 'а'""]}"
"Qnzoslq","229","{""errors"":[""Checksum is wrong"",""Must be at least one letter 'а'""]}"
"Nlugbecme","909","{""errors"":[""Checksum is wrong"",""Must be at least one letter 'а'""]}"
"Fqitwkk","187","{""errors"":[""Checksum is wrong"",""Must be at least one letter 'а'""]}"
"Tqtwvxihazrr","822","{""errors"":[""Checksum is wrong""]}"
"Wqvvwwsg","396","{""errors"":[""Must be at least one letter 'а'"",""Checksum is wrong""]}"
"Rhudmkevtw","678","{""errors"":[""Checksum is wrong"",""Must be at least one letter 'а'""]}"
"Odccuiymau","908","{""errors"":[""Checksum is wrong""]}"
"Xnaghlfml","459","{""errors"":[""Checksum is wrong""]}"
"Zwevton","86","{""errors"":[""Checksum is wrong"",""Must be at least one letter 'а'""]}"
"Uheptmzvm","566","{""errors"":[""Must be at least one letter 'а'"",""Checksum is wrong""]}"
"Qskyymrquc","350","{""errors"":[""Checksum is wrong"",""Must be at least one letter 'а'""]}"
"Tmwzpuw","667","{""errors"":[""Checksum is wrong"",""Must be at least one letter 'а'""]}"
"Yhsqnnlmnmk","984","{""errors"":[""Must be at least one letter 'а'"",""Checksum is wrong""]}"
"Euvoedchu","934","{""errors"":[""Must be at least one letter 'а'"",""Checksum is wrong""]}"
"Bkklglpv","326","{""errors"":[""Must be at least one letter 'а'"",""Checksum is wrong""]}"
"Mfkvubm","402","{""errors"":[""Must be at least one letter 'а'"",""Checksum is wrong""]}"
"Tjxfrxblljp","135","{""errors"":[""Must be at least one letter 'а'"",""Checksum is wrong""]}"
"Tgcfkso","556","{""errors"":[""Must be at least one letter 'а'""]}"
"Dlwpxhpzrr","696","{""errors"":[""Must be at least one letter 'а'"",""Checksum is wrong""]}"
"Pmguor","931","{""errors"":[""Name length must be longer then 6 symbols"",""Must be at least one letter 'а'"",""Checksum is wrong""]}"
"Zjvdukj","909","{""errors"":[""Must be at least one letter 'а'"",""Checksum is wrong""]}"
"Tbxlxzr","333","{""errors"":[""Checksum is wrong"",""Must be at least one letter 'а'""]}"
"Wgfueei","627","{""errors"":[""Must be at least one letter 'а'"",""Checksum is wrong""]}"
"Usnhamfcd","396","{""errors"":[""Checksum is wrong""]}"
"Oeirvkocneam","965","{""errors"":[""Checksum is wrong""]}"
"Gcjzmhy","261","{""errors"":[""Must be at least one letter 'а'""]}"
"Xtkjtyxumlf","131","{""errors"":[""Must be at least one letter 'а'"",""Checksum is wrong""]}"
"Wukbdduzkul","60","{""errors"":[""Checksum is wrong"",""Must be at least one letter 'а'""]}"
"Ddggsfwmjb","110","{""errors"":[""Must be at least one letter 'а'"",""Checksum is wrong""]}"
"Vgsbmhqqxgx","267","{""errors"":[""Checksum is wrong"",""Must be at least one letter 'а'""]}"
"Lbaoigytcwqv","548","{""errors"":[""Checksum is wrong""]}"
"Obpcjrss","915","{""errors"":[""Checksum is wrong"",""Must be at least one letter 'а'""]}"
"Ykadgnhbc","287","{""errors"":[""Checksum is wrong""]}"
"Tsvtye","407","{""errors"":[""Name length must be longer then 6 symbols"",""Must be at least one letter 'а'"",""Checksum is wrong""]}"
"Juwajyae","677","{""errors"":[""Checksum is wrong""]}"
"Gkfjetkufaa","66","{""errors"":[""Checksum is wrong""]}"
"Amghqmbya","674","{""errors"":[""Checksum is wrong""]}"
"Yyiftmasiwdw","259","{""errors"":[""Checksum is wrong""]}"
"Mioozvybks","849","{""errors"":[""Must be at least one letter 'а'"",""Checksum is wrong""]}"
"Nidlmetxsx","885","{""errors"":[""Must be at least one letter 'а'"",""Checksum is wrong""]}"
"Hzlccgr","276","{""errors"":[""Must be at least one letter 'а'"",""Checksum is wrong""]}"
"Midohnx","705","{""errors"":[""Must be at least one letter 'а'"",""Checksum is wrong""]}"
"Yhjokh","931","{""errors"":[""Name length must be longer then 6 symbols"",""Must be at least one letter 'а'"",""Checksum is wrong""]}"
"Dseoodkd","347","{""errors"":[""Checksum is wrong"",""Must be at least one letter 'а'""]}"
"Qdoupo","8","{""errors"":[""Name length must be longer then 6 symbols"",""Must be more than 9"",""Must be at least one letter 'а'""]}"
"Lcvqcmu","568","{""errors"":[""Checksum is wrong"",""Must be at least one letter 'а'""]}"
"Xjbqzz","330","{""errors"":[""Name length must be longer then 6 symbols"",""Must be at least one letter 'а'"",""Checksum is wrong""]}"
"Avanrdid","71","{""errors"":[""Checksum is wrong""]}"
"Xzitgm","676","{""errors"":[""Checksum is wrong"",""Name length must be longer then 6 symbols"",""Must be at least one letter 'а'""]}"
"Necpxbnt","677","{""errors"":[""Must be at least one letter 'а'"",""Checksum is wrong""]}"
"Jxaceatcemuv","978","{""errors"":[""Checksum is wrong""]}"
"Kcvhpwfupw","896","{""errors"":[""Must be at least one letter 'а'"",""Checksum is wrong""]}"
"Ibyvxhlyhcp","80","{""errors"":[""Checksum is wrong"",""Must be at least one letter 'а'""]}"
"Jxqjmebp","848","{""errors"":[""Must be at least one letter 'а'"",""Checksum is wrong""]}"
"Byscpoftltd","15","{""errors"":[""Must be at least one letter 'а'"",""Checksum is wrong""]}"
"Mvsiccjsx","383","{""errors"":[""Checksum is wrong"",""Must be at least one letter 'а'""]}"
"Guxshdimp","180","{""errors"":[""Must be at least one letter 'а'""]}"
"Dobzimz","233","{""errors"":[""Checksum is wrong"",""Must be at least one letter 'а'""]}"
"Ayotrzrn","169","{""errors"":[""Checksum is wrong"",""Must be at least one letter 'а'""]}"
"Kwntuq","51","{""errors"":[""Name length must be longer then 6 symbols"",""Must be at least one letter 'а'"",""Checksum is wrong""]}"
"Sllpxco","217","{""errors"":[""Must be at least one letter 'а'"",""Checksum is wrong""]}"
"Tznactg","727","{""errors"":[""Checksum is wrong""]}"
"Yvmgfeamedr","255","{""errors"":[""Checksum is wrong""]}"
"Gpqehqnjba","771","{""errors"":[""Checksum is wrong""]}"
"Frewgsest","148","{""errors"":[""Must be at least one letter 'а'"",""Checksum is wrong""]}"
"Ivyhnkkigvpq","935","{""errors"":[""Checksum is wrong"",""Must be at least one letter 'а'""]}"
"Midjey","825","{""errors"":[""Name length must be longer then 6 symbols"",""Checksum is wrong"",""Must be at least one letter 'а'""]}"
"Mqgslifovl","5","{""errors"":[""Checksum is wrong"",""Must be at least one letter 'а'"",""Must be more than 9""]}"
"Tiinywyat","379","{""errors"":[""Checksum is wrong""]}"
"Tjdnfb","50","{""errors"":[""Name length must be longer then 6 symbols"",""Must be at least one letter 'а'"",""Checksum is wrong""]}"
"Smomrvag","808","{""errors"":[""Checksum is wrong""]}"
"Fukcwqsgtbzv","835","{""errors"":[""Checksum is wrong"",""Must be at least one letter 'а'""]}"
"Kfvwprvvd","316","{""errors"":[""Checksum is wrong"",""Must be at least one letter 'а'""]}"
"Rvhrzzo","295","{""errors"":[""Must be at least one letter 'а'"",""Checksum is wrong""]}"
"Mvjguwigvmeq","533","{""errors"":[""Checksum is wrong"",""Must be at least one letter 'а'""]}"
"Refshxgsrxtq","678","{""errors"":[""Checksum is wrong"",""Must be at least one letter 'а'""]}"
"Llyysasd","730","{""errors"":[""Checksum is wrong""]}"
"Vvutnaenk","837","{""errors"":[""Checksum is wrong""]}"
"Rrnvpaju","472","{""errors"":[""Checksum is wrong""]}"
"Urfvjgg","31","{""errors"":[""Must be at least one letter 'а'"",""Checksum is wrong""]}"
"Dcgsqetzwrca","845","{""errors"":[""Checksum is wrong""]}"
"Hphbyuj","715","{""errors"":[""Checksum is wrong"",""Must be at least one letter 'а'""]}"
"Gjgvsicgfqh","126","{""errors"":[""Must be at least one letter 'а'""]}"
"Shmlltpcnmwx","100","{""errors"":[""Must be at least one letter 'а'""]}"
"Gyhydrxpwo","301","{""errors"":[""Must be at least one letter 'а'"",""Checksum is wrong""]}"
"Souryshuey","25","{""errors"":[""Must be at least one letter 'а'""]}"
"Mixzwxsgrpxf","914","{""errors"":[""Checksum is wrong"",""Must be at least one letter 'а'""]}"
"Dwtvewbu","623","{""errors"":[""Checksum is wrong"",""Must be at least one letter 'а'""]}"
"Nctfmrmipt","898","{""errors"":[""Checksum is wrong"",""Must be at least one letter 'а'""]}"
"Nlvvsjihjrd","589","{""errors"":[""Must be at least one letter 'а'"",""Checksum is wrong""]}"
"Flwxccqtkkj","286","{""errors"":[""Checksum is wrong"",""Must be at least one letter 'а'""]}"
"Mazkfwflib","77","{""errors"":[""Checksum is wrong""]}"
"Xvwtbp","484","{""errors"":[""Must be at least one letter 'а'"",""Checksum is wrong"",""Name length must be longer then 6 symbols""]}"
"Jyuvnaru","36","{""errors"":[""Checksum is wrong""]}"
"Dcmglerzru","666","{""errors"":[""Checksum is wrong"",""Must be at least one letter 'а'""]}"
"Qwvkmv","38","{""errors"":[""Name length must be longer then 6 symbols"",""Checksum is wrong"",""Must be at least one letter 'а'""]}"
"Rpoozbidxh","269","{""errors"":[""Checksum is wrong"",""Must be at least one letter 'а'""]}"
"Aprcyqhmgomt","614","{""errors"":[""Must be at least one letter 'а'"",""Checksum is wrong""]}"
"Ljhxbrls","543","{""errors"":[""Must be at least one letter 'а'""]}"
"Dbzsyghoul","88","{""errors"":[""Must be at least one letter 'а'""]}"
"Wvphfxtij","193","{""errors"":[""Checksum is wrong"",""Must be at least one letter 'а'""]}"
"Shedhcfqd","852","{""errors"":[""Checksum is wrong"",""Must be at least one letter 'а'""]}"
"Bbeyczwikzvs","663","{""errors"":[""Must be at least one letter 'а'""]}"
"Yfjhpkmvz","734","{""errors"":[""Must be at least one letter 'а'"",""Checksum is wrong""]}"
"Wzfxujt","866","{""errors"":[""Checksum is wrong"",""Must be at least one letter 'а'""]}"
"Jmmhcpwsdxvw","168","{""errors"":[""Must be at least one letter 'а'"",""Checksum is wrong""]}"
"Tkijyib","601","{""errors"":[""Must be at least one letter 'а'"",""Checksum is wrong""]}"
"Xnxfrctu","692","{""errors"":[""Must be at least one letter 'а'"",""Checksum is wrong""]}"
"Skqsqvrmnsc","423","{""errors"":[""Checksum is wrong"",""Must be at least one letter 'а'""]}"
"Bwduttxdg","366","{""errors"":[""Must be at least one letter 'а'"",""Checksum is wrong""]}"
"Eyxuwiaoy","292","{""errors"":[""Checksum is wrong""]}"
"Bwdslbacczse","193","{""errors"":[""Checksum is wrong""]}"
"Azzwsbemxit","428","{""errors"":[""Checksum is wrong"",""Must be at least one letter 'а'""]}"
"Ubfzihlgkgn","397","{""errors"":[""Must be at least one letter 'а'"",""Checksum is wrong""]}"
"Fdfpnzle","45","{""errors"":[""Must be at least one letter 'а'"",""Checksum is wrong""]}"
"Qfgsdnx","348","{""errors"":[""Must be at least one letter 'а'"",""Checksum is wrong""]}"
"Zkquygjmnv","601","{""errors"":[""Checksum is wrong"",""Must be at least one letter 'а'""]}"
"Hiomdaga","214","{""errors"":[""Checksum is wrong""]}"
"Pjjweyknt","261","{""errors"":[""Must be at least one letter 'а'"",""Checksum is wrong""]}"
"Ynepfwxfhczw","290","{""errors"":[""Must be at least one letter 'а'"",""Checksum is wrong""]}"
"Voonwaod","271","{""errors"":[""Checksum is wrong""]}"
"Rnafivjxec","6","{""errors"":[""Checksum is wrong"",""Must be more than 9""]}"
"Ztsncg","517","{""errors"":[""Must be at least one letter 'а'"",""Name length must be longer then 6 symbols""]}"
"Ufknyab","103","{""errors"":[""Checksum is wrong""]}"
"Lduojbhf","973","{""errors"":[""Must be at least one letter 'а'"",""Checksum is wrong""]}"
"Knbyhwu","608","{""errors"":[""Must be at least one letter 'а'"",""Checksum is wrong""]}"
"Yjdteevei","617","{""errors"":[""Must be at least one letter 'а'"",""Checksum is wrong""]}"
"Zlrvocxcvswl","720","{""errors"":[""Must be at least one letter 'а'"",""Checksum is wrong""]}"
"Fmkonwjtmeq","552","{""errors"":[""Must be at least one letter 'а'"",""Checksum is wrong""]}"
"Jdhtojkq","8","{""errors"":[""Checksum is wrong"",""Must be at least one letter 'а'"",""Must be more than 9""]}"
"Wjlpgf","320","{""errors"":[""Checksum is wrong"",""Name length must be longer then 6 symbols"",""Must be at least one letter 'а'""]}"
"Owtkuxbqdge","587","{""errors"":[""Checksum is wrong"",""Must be at least one letter 'а'""]}"
"Pdrsjpbnls","569","{""errors"":[""Must be at least one letter 'а'""]}"
"Blbejl","742","{""errors"":[""Must be at least one letter 'а'"",""Name length must be longer then 6 symbols"",""Checksum is wrong""]}"
"Ubetajd","880","{""errors"":[""Checksum is wrong""]}"
"Ektrimf","829","{""errors"":[""Checksum is wrong"",""Must be at least one letter 'а'""]}"
"Ghqlstw","533","{""errors"":[""Must be at least one letter 'а'"",""Checksum is wrong""]}"
"Xazjynnal","714","{""errors"":[""Checksum is wrong""]}"
"Rfkisimwkmde","811","{""errors"":[""Must be at least one letter 'а'"",""Checksum is wrong""]}"
"Kqhauazudd","784","{""errors"":[""Checksum is wrong""]}"
"Adzckebcyc","171","{""errors"":[""Must be at least one letter 'а'"",""Checksum is wrong""]}"
"Qrmyqrejrldr","769","{""errors"":[""Must be at least one letter 'а'""]}"
"Kvqksxaj","546","{""errors"":[""Checksum is wrong""]}"
"Ycxxxt","522","{""errors"":[""Must be at least one letter 'а'"",""Name length must be longer then 6 symbols""]}"
"Kdkyfxchta","212","{""errors"":[""Checksum is wrong""]}"
"Cwsqyl","978","{""errors"":[""Checksum is wrong"",""Name length must be longer then 6 symbols"",""Must be at least one letter 'а'""]}"
"Fhtezffx","323","{""errors"":[""Checksum is wrong"",""Must be at least one letter 'а'""]}"
"Gpsiceevw","434","{""errors"":[""Must be at least one letter 'а'""]}"
"Ezdrirllvoe","0","{""errors"":[""Checksum is wrong"",""Must be at least one letter 'а'"",""Must be more than 9""]}"
"Oxdcvbylf","921","{""errors"":[""Checksum is wrong"",""Must be at least one letter 'а'""]}"
"Grdwzvfvjp","141","{""errors"":[""Must be at least one letter 'а'"",""Checksum is wrong""]}"
"Gvseoccwl","87","{""errors"":[""Checksum is wrong"",""Must be at least one letter 'а'""]}"
"Lefxhfqi","968","{""errors"":[""Checksum is wrong"",""Must be at least one letter 'а'""]}"
"Fxkdgcgr","551","{""errors"":[""Must be at least one letter 'а'""]}"
"Xnkkapnkdkc","40","{""errors"":[""Checksum is wrong""]}"
"Flphlncgpue","282","{""errors"":[""Must be at least one letter 'а'"",""Checksum is wrong""]}"
"Njgptvtlczt","403","{""errors"":[""Must be at least one letter 'а'"",""Checksum is wrong""]}"
"Xltgdfi","203","{""errors"":[""Must be at least one letter 'а'""]}"
"Zjdpmft","780","{""errors"":[""Checksum is wrong"",""Must be at least one letter 'а'""]}"
"Nftiprjeuf","435","{""errors"":[""Must be at least one letter 'а'"",""Checksum is wrong""]}"
"Ugahhu","305","{""errors"":[""Checksum is wrong"",""Name length must be longer then 6 symbols""]}"
"Pkakmhi","473","{""errors"":[""Checksum is wrong""]}"
"Nilrooudzjg","950","{""errors"":[""Must be at least one letter 'а'"",""Checksum is wrong""]}"
"Sowvzpxkuya","62","{""errors"":[""Checksum is wrong""]}"
"Nthhyhubak","799","{""errors"":[""Checksum is wrong""]}"
"Mwnmlo","699","{""errors"":[""Name length must be longer then 6 symbols"",""Must be at least one letter 'а'"",""Checksum is wrong""]}"
"Vtqhsmr","240","{""errors"":[""Checksum is wrong"",""Must be at least one letter 'а'""]}"
"Gdunljhwkie","664","{""errors"":[""Must be at least one letter 'а'"",""Checksum is wrong""]}"
"Crukbybbj","726","{""errors"":[""Must be at least one letter 'а'"",""Checksum is wrong""]}"
"Ttgcnpjyoibp","623","{""errors"":[""Must be at least one letter 'а'"",""Checksum is wrong""]}"
"Cyawot","772","{""errors"":[""Name length must be longer then 6 symbols"",""Checksum is wrong""]}"
"Dgcvgxry","735","{""errors"":[""Must be at least one letter 'а'"",""Checksum is wrong""]}"
"Ehrsmgnxpay","364","{""errors"":[""Checksum is wrong""]}"
"Gntacqtektw","455","{""errors"":[""Checksum is wrong""]}"
"Kyxkxcvu","690","{""errors"":[""Must be at least one letter 'а'"",""Checksum is wrong""]}"
"Ohexypnk","248","{""errors"":[""Checksum is wrong"",""Must be at least one letter 'а'""]}"
"Eernggilwnn","966","{""errors"":[""Must be at least one letter 'а'"",""Checksum is wrong""]}"
